이름,우편번호,주소,주소상세,전화번호,이메일
최수민,00994,세종특별자치시 노원구 삼성로 972-40 (정순김동),도윤김권연립 531호,017-766-8548,yeonghwango@example.net
성준혁,82139,제주특별자치도 아산시 오금가 819-26 (은서박한면),영수김아파트,018-262-7149,seongmin17@example.org
김재호,70655,세종특별자치시 종로구 언주762가 142,미숙김빌라 Y동 927호,062-177-3207,sugja62@example.com
심지은,28051,충청남도 증평군 서초중앙1로 390 (예원김면),정호엄김마을 405호,044-526-1955,yeongsuan@example.com
김우진,47329,울산광역시 관악구 잠실로 지하994 (현숙김마을),영수양연립 T동 640호,010-7667-6919,dgim@example.net
고정호,84938,인천광역시 동작구 학동138가 812,춘자이황타운 581호,070-5848-7078,anjeongsu@example.org
장시우,66735,강원도 청주시 상당구 개포거리 656-92 (명자윤이리),수민박타운 라동 306호,043-419-1193,cbag@example.com
황준혁,68270,대구광역시 서구 개포146로 720,선영이손빌라 V동 757호,043-171-5497,jihunsim@example.net
권춘자,38861,경기도 춘천시 서초중앙가 460 (영철강김리),민준강타워 Q동 293호,017-565-5026,gwangsuson@example.net
이명숙,53497,부산광역시 양천구 가락가 43-50 (은경박면),보람배박타워 395호,061-648-2994,gyeongsugcoe@example.com
김정식,43252,서울특별시 양천구 테헤란44거리 지하858 (영자김동),건우권연립 585호,064-778-9953,dsong@example.com
배준영,92364,대전광역시 동대문구 영동대9길 277-69,정식허마을,055-196-7685,eunji16@example.net
윤병철,50764,대구광역시 강서구 선릉길 921,준호오연립 267호,032-121-7575,junhyeog41@example.net
김미경,58378,광주광역시 중구 서초대가 959-36 (윤서심이마을),정수김타운 T동 266호,062-769-6447,junyeonggim@example.net
김성수,46449,경상남도 구리시 개포59로 지하658 (은주김읍),은정최타워,018-905-8198,jinu64@example.com
이지아,52517,울산광역시 서대문구 석촌호수7길 80,예진안한타운 674호,033-545-8152,xbag@example.org
장민준,20095,대전광역시 동구 석촌호수9로 749 (영식김김리),은서이오마을 Z동 264호,051-418-8571,gimjia@example.com
장승현,81205,세종특별자치시 동대문구 영동대233가 363,현준류류마을 마동 306호,02-0970-0206,gimsanghun@example.org
박순자,80678,경상북도 증평군 석촌호수342로 437,지연김연립 621호,061-614-2706,jangminjun@example.com
이승현,46216,대전광역시 동대문구 오금로 지하231,보람서빌라 나동 598호,041-408-8306,igeonu@example.com
박옥순,23303,경기도 용인시 기흥구 논현가 539-62,예준김연립,019-584-4417,fi@example.org
김지민,35105,경상남도 이천시 가락길 972 (수빈주읍),지혜서박빌라 W동 506호,019-808-4829,oca@example.com
이영숙,53852,대전광역시 강동구 양재천길 310-52 (서윤서마을),정순김타운,018-112-5563,caeweongim@example.net
강명숙,61590,세종특별자치시 구로구 선릉가 지하425 (영길송읍),지아배이빌라,041-545-8725,jungsu88@example.org
이수빈,94238,세종특별자치시 강서구 역삼7길 782,선영김이타운,033-209-1165,jomigyeong@example.org
강경숙,26174,세종특별자치시 송파구 역삼70거리 23-14 (정호이이동),상호강연립,042-818-7318,minji78@example.org
박정자,23735,경상북도 평택시 봉은사로 716 (민재강김리),광수윤김타워 380동 301호,042-781-3817,jaehyeon90@example.net
김정훈,01710,부산광역시 관악구 선릉길 173-91,성현곽김연립 981호,053-026-5055,coejia@example.net
박순옥,63532,충청북도 양구군 개포231로 790,민서이연립,044-590-1690,eunjui@example.org
김지혜,15060,경상남도 이천시 삼성가 252 (예원양읍),정웅윤이연립,031-639-7189,dyun@example.net
손성훈,22712,광주광역시 종로구 압구정거리 848,민수박아파트,041-122-0167,gwangsu74@example.com
최예은,92892,울산광역시 송파구 삼성780가 631 (예준심동),순자권연립,017-745-5984,sunja71@example.com
문성민,48550,대전광역시 성북구 잠실7거리 지하618 (민서최양동),민준최마을 694호,055-146-4677,minji33@example.org
김혜진,88898,전라남도 옥천군 가락220거리 894 (진호김정리),경숙문김타워 라동 038호,02-6720-8174,jiui@example.com
김영일,59954,세종특별자치시 양천구 석촌호수3거리 651,수빈서아파트,051-017-0932,pan@example.org
박정웅,69265,전라남도 충주시 서초중앙572거리 412,성호전고마을 238호,064-772-8032,abag@example.com
이정희,61220,전라남도 안산시 테헤란가 656 (동현박김리),은서최아파트 L동 988호,063-917-8781,seunghyeoncoe@example.com
심민석,48004,전라북도 안양시 만안구 도산대로 537 (현지김리),지우김강타운 162호,042-635-6700,sugja09@example.org
김영호,50916,서울특별시 금천구 양재천거리 897-96,지혜최김타운,019-653-9011,misug34@example.org
류영진,68819,경기도 과천시 도산대거리 183 (영수백리),성호윤배연립 769호,011-250-4190,jihyeon72@example.com
박정숙,36489,부산광역시 광진구 잠실497거리 171-5,춘자김김아파트 T동 142호,017-279-7160,siu83@example.com
윤성호,34900,전라남도 태안군 가락로 74 (서연김마을),서영조빌라 623호,044-162-3011,gimjia@example.com
김성진,40076,경상북도 화성시 강남대37가 866-14 (현우김전동),영길류타워 마동 847호,02-7656-1820,ijihye@example.net
남상호,54695,경기도 공주시 오금08거리 786-51,영길김서연립,064-751-0724,lgim@example.com
백아름,93312,전라북도 충주시 반포대거리 481 (지아문한읍),순자손빌라 Z동 076호,018-870-5617,jihugim@example.com
윤성민,70981,광주광역시 광진구 논현로 72 (은정성이면),영자윤연립 589동 056호,043-825-4528,gimmyeongsug@example.org
류성호,37198,부산광역시 구로구 언주가 161-4 (상호전마을),지우김타운 U동 767호,033-467-7984,yujin16@example.net
김유진,52473,울산광역시 남구 영동대길 764 (채원엄동),영환김연립 Z동 335호,054-482-7709,gyeongsugjeong@example.org
김영식,34643,경상남도 김포시 석촌호수9로 187,정희배류연립 135호,011-171-6625,igang@example.org
김재현,09108,경상남도 서천군 서초대가 지하429 (정식송읍),영호양연립,053-587-6429,yanghaeun@example.com
김성호,22641,충청북도 영월군 논현로 322 (상훈조박마을),은영민타운 마동 224호,041-127-8978,gimogja@example.com
이정자,38323,충청북도 아산시 봉은사366로 255,경숙홍노마을 J동 104호,052-060-5879,fi@example.org
안미경,09117,울산광역시 서구 영동대9길 366,도현이마을,054-443-6327,hyeonu43@example.org
이지원,88364,충청북도 제천시 서초대987로 143-26,명숙오김타워,033-284-1269,yeongilgim@example.com
배예진,99629,제주특별자치도 부천시 오정구 논현거리 374,시우김아파트,02-9671-4986,coejeongho@example.com
박은지,78898,대구광역시 종로구 학동39길 703-39 (준영장오리),미경김연립,070-8925-0647,hwangseonghyeon@example.org
성영순,11439,광주광역시 동대문구 개포거리 645-96,서영안박타워 689호,054-478-1230,hyeonjeonggim@example.com
김예원,71469,경기도 횡성군 백제고분가 690-13 (영일김강마을),서영최타워 243호,064-725-8514,tbae@example.com
서영순,30906,전라남도 수원시 영통구 백제고분156길 지하274,재호윤마을,011-767-9768,wo@example.net
김영미,57548,서울특별시 강동구 언주거리 25,정숙김이타워 636호,010-7106-7174,eunjeong77@example.org
김준호,44073,전라남도 홍천군 테헤란06길 485-10,옥자송타워 I동 493호,02-9890-9995,ogjagim@example.net
이은정,95994,부산광역시 영등포구 역삼거리 41,은서김이타워,016-452-8612,gimseoyun@example.org
홍혜진,92543,전라북도 김포시 학동거리 406 (정순송유동),영식김강마을 J동 354호,042-886-3674,sanghun80@example.org
권예준,05420,제주특별자치도 오산시 학동길 586 (성훈홍리),성현이이연립 979호,042-685-0794,iyeongsig@example.com
박예은,71273,대전광역시 용산구 테헤란거리 622,도윤서연립,018-049-2637,cgu@example.net
홍미숙,12103,제주특별자치도 안산시 단원구 개포069가 162 (현지박이동),시우황홍연립 O동 098호,042-353-5403,jeongho74@example.net
이현우,42032,제주특별자치도 충주시 잠실가 462 (중수이마을),영순차이연립 Z동 922호,02-9855-0585,minseog03@example.net
황영숙,60344,울산광역시 마포구 테헤란15거리 지하27 (지민김최면),영자박마을 U동 191호,055-152-5583,si@example.com
정우진,52896,전라남도 공주시 잠실길 119,영수최타워 674호,055-750-4535,jinucoe@example.net
이상훈,30297,전라북도 광명시 양재천가 976-36,옥자이이타운,018-394-8094,eungyeong96@example.com
최명숙,49676,강원도 속초시 오금938길 400,미영박타운,061-599-7421,ucaeweon@example.com
주지원,82401,대전광역시 서구 잠실가 436,정수심김아파트 G동 467호,063-310-2918,jihuyun@example.org
박예지,46810,제주특별자치도 청주시 흥덕구 영동대3거리 733-82 (재호이최동),미경이안마을 가동 097호,043-331-8913,gyeongsubag@example.net
장준호,58695,인천광역시 도봉구 삼성길 578-17,하윤진김빌라,019-582-1513,minjunbag@example.org
박옥자,92172,충청북도 용인시 기흥구 개포8길 706 (민서엄마을),준혁이타워 H동 232호,054-729-1557,ryuseoyeon@example.org
이유진,85017,경상남도 부천시 오정구 백제고분1거리 625-38 (지아이김동),현숙강마을,052-616-0051,minjuni@example.org
이성민,47132,서울특별시 종로구 도산대가 755-74,민지이타운,017-289-8667,seonghunbag@example.com
구순자,39670,경상북도 군포시 오금39가 677 (수빈김읍),경희이황타워 130호,02-0611-7897,ihyeonjeong@example.com
윤은지,42068,경기도 서산시 개포670길 509-59,진우김아파트 763호,032-754-3945,eunji01@example.net
김정숙,74214,울산광역시 용산구 양재천가 305,준서장윤연립 46동 746호,070-3106-0161,jeongungsim@example.net
김옥자,08657,대구광역시 성동구 반포대92거리 57-7 (광수전읍),성훈김아파트,054-842-1010,vgim@example.com
장명숙,68990,서울특별시 용산구 석촌호수91길 269,성진황허연립,043-917-1406,jangjieun@example.org
윤지연,31949,인천광역시 관악구 선릉길 지하520,경희강문마을 55동 859호,032-318-7894,eunjian@example.org
이영진,15572,부산광역시 동대문구 서초대가 299 (성현이김면),준서박이타워 697호,062-483-8059,imiyeong@example.org
서정호,87013,서울특별시 서대문구 학동가 995-36 (옥자김류마을),지아이김타워,02-7368-5657,jeonyeongmi@example.net
송영호,34374,경상북도 안양시 동안구 논현거리 538-50,재현김빌라,033-242-0164,gweonmisug@example.com
김서현,11752,서울특별시 송파구 백제고분길 203,경수이오타운 656호,041-774-8603,coejongsu@example.com
김경숙,68243,울산광역시 동작구 선릉95로 739 (우진남신읍),미숙김이연립,017-948-1688,seongjin81@example.org
이현우,26484,대구광역시 동구 테헤란11거리 992 (상호백김읍),예원우아파트 724호,044-816-8575,eungyeong95@example.com
이서현,37672,전라북도 수원시 장안구 역삼거리 930-74 (옥순오면),서영백김타워,042-770-7089,seoyeon53@example.org
이민재,14485,강원도 수원시 장안구 서초대거리 65,민재장마을 805호,063-855-8985,agim@example.net
노지우,97127,충청북도 성남시 반포대가 284-48 (정웅이김읍),영미이문연립 R동 966호,054-240-0779,gimcunja@example.org
하은영,52226,전라남도 태백시 압구정85로 711,은서김아파트,051-291-7229,gyeongsu80@example.net
박수진,67520,전라남도 용인시 처인구 역삼948로 707,정수박타운,010-8985-3148,jeongsungim@example.com
오명숙,19765,인천광역시 강북구 오금가 447,정남강오빌라,055-252-2939,minjae92@example.org
임영일,12413,대전광역시 용산구 봉은사9가 604-66,민준한타워 504호,041-270-6982,ei@example.net
권명자,63893,세종특별자치시 용산구 삼성503로 682 (정훈정이동),영진최김아파트,061-321-7261,jaehoi@example.org
고수빈,82498,경상북도 가평군 양재천9거리 631-85,서연민타워 R동 371호,054-322-3536,ugim@example.com
한상철,93636,세종특별자치시 성북구 영동대로 264 (민석전박읍),서윤서마을 074호,041-184-2903,minseoi@example.com
손윤서,67562,대구광역시 서초구 오금로 992,미숙김타워 831호,043-065-6042,gyeongsug69@example.net
박미경,63800,부산광역시 도봉구 삼성거리 78-70 (순자김이면),진호김윤빌라 O동 514호,011-341-7388,gyeongjayun@example.org
손지후,48560,강원도 용인시 수지구 잠실83가 264-9 (동현김이읍),영철김김타운 97동 532호,063-257-4975,junho24@example.net
박미숙,58826,세종특별자치시 송파구 압구정거리 72-59 (지혜이나면),주원윤빌라 라동 494호,070-3443-8762,yeongsunbaeg@example.org
오현우,50292,울산광역시 도봉구 양재천8로 지하62,은정이빌라,02-6197-5239,minseo34@example.com
손미정,13402,인천광역시 남구 영동대로 83 (성호이박마을),서현김이아파트,019-996-6191,sanghyeonjang@example.org
김정숙,60667,전라남도 횡성군 도산대047가 288-48 (영철김리),정훈김타운,054-799-7838,gimyeongsu@example.com
김예원,78065,경기도 홍성군 학동거리 721 (예준최김리),경숙류타워 I동 501호,033-677-2793,yejigim@example.com
이민수,57143,울산광역시 종로구 가락12가 516 (하윤송김읍),현준구우마을 K동 732호,070-0330-2353,jihyeongim@example.net
이순자,42473,충청북도 고양시 덕양구 논현길 754 (정식박최동),서연박김아파트 434호,062-407-0699,gyeonghyii@example.org
황영진,25810,세종특별자치시 금천구 봉은사가 943 (서현김읍),예은윤빌라,019-458-2052,gimseohyeon@example.net
박명자,23254,전라북도 안산시 잠실28거리 225-87,민준이서타운 065호,052-062-5671,josanghyeon@example.org
김미숙,96291,세종특별자치시 성동구 잠실4로 538-20 (예진이이리),광수윤타운 121호,041-703-4467,gimmijeong@example.com
김지아,62581,경상북도 보령시 학동69로 143,영환김김빌라 403호,042-550-7167,seongsu58@example.com
민정남,17463,충청남도 속초시 서초대거리 911-4 (영환김김리),아름허아파트 O동 710호,017-279-8619,sumini@example.net
권상현,95607,인천광역시 영등포구 학동거리 591-64 (민재김한리),정식김연립 904호,017-844-7308,migyeongseo@example.com
김준호,61559,경기도 부천시 원미구 선릉5로 437-27,성진김빌라,033-809-4337,jbag@example.org
김승민,52841,강원도 성남시 잠실가 18-5,성진김타운 920호,019-483-4572,gyeonghyijang@example.com
이아름,41102,광주광역시 중랑구 논현가 936,상철이강타워,055-954-7958,seojihu@example.net
김주원,21266,경상북도 금산군 학동8길 353 (서연이김리),상현양연립,011-659-2148,gimjuweon@example.com
김정숙,99077,울산광역시 남구 언주54가 727-77,상훈이타운 207호,055-514-1792,coesujin@example.org
김재현,26473,경상남도 인제군 영동대거리 976-90 (영환강김마을),도현구빌라 110호,033-788-0888,jieuncoe@example.com
윤준서,20831,경상북도 평택시 개포로 716 (미영강읍),종수박박마을 S동 781호,032-565-1921,sunjajang@example.com
이동현,93805,강원도 용인시 기흥구 개포280로 지하205 (보람박마을),하윤허마을,011-529-7269,noeungyeong@example.com
이아름,46942,부산광역시 성북구 반포대0가 622-47 (현우박리),예원이윤마을 O동 886호,010-3755-2615,ogim@example.org
김숙자,82000,전라남도 여주시 백제고분952로 826 (준호김동),성민백나타운 T동 365호,019-005-3140,nominjae@example.com
고정희,33184,대전광역시 중랑구 봉은사길 766,지은홍이연립,032-135-2565,jimin19@example.org
김채원,77289,부산광역시 은평구 영동대거리 172-11,순자박빌라 507호,016-853-0629,seosujin@example.org
김시우,09128,경상남도 고성군 도산대4길 609,중수박이연립,062-270-4453,pgo@example.net
이명자,29722,경상북도 고양시 일산동구 가락가 757-86 (채원신마을),현우강이아파트 라동 281호,031-435-1611,bagjiweon@example.net
오지연,82491,세종특별자치시 강북구 백제고분135가 441-17 (영호이박마을),지훈양안마을 508호,055-479-1147,anminji@example.net
이예지,70279,강원도 구리시 개포가 지하945 (재호박이면),영미이하빌라 033호,053-275-1886,gimjihyeon@example.net
서지우,31930,전라북도 용인시 수지구 역삼4길 662,상현이문아파트,055-458-1129,seonyeongyang@example.org
이정순,33926,대구광역시 관악구 반포대80로 558 (성호김리),지현김타워 N동 876호,011-874-6116,tbag@example.com
구영순,24132,제주특별자치도 평창군 강남대603길 744 (영희박우마을),선영김연립 884호,051-967-1991,geonui@example.net
안영철,67148,전라북도 수원시 장안구 학동가 573 (재호김동),병철최안연립 X동 528호,02-1850-1715,gimjiweon@example.com
이지원,24334,울산광역시 강북구 압구정거리 32 (명숙김박마을),은서최마을,052-164-9137,ggim@example.net
이정식,87430,서울특별시 동구 서초대길 408-5,경희나한빌라,061-307-1367,jinjiweon@example.com
김정희,83502,경상북도 양양군 논현167거리 334,숙자오이연립 777호,041-958-0768,coecunja@example.org
김지연,46095,세종특별자치시 금천구 선릉332길 806 (병철이최마을),선영곽아파트,044-081-2892,ii@example.net
황정순,33888,충청남도 남양주시 양재천948길 481 (도윤윤동),상철홍타워 K동 928호,054-550-4056,bagminji@example.org
박진우,12077,대구광역시 양천구 서초중앙가 지하151,민지김양타워 다동 719호,033-487-4435,igim@example.com
배영길,41636,인천광역시 강북구 반포대로 339 (재호김동),은영이박타워 878호,052-820-9912,gimjongsu@example.net
임순옥,03834,세종특별자치시 용산구 역삼587가 489,아름서이연립 M동 781호,055-211-4460,pbag@example.net
김지후,65542,서울특별시 성동구 언주가 233-9,순옥류배아파트,042-410-8062,jeonghoseo@example.com
박영자,19577,부산광역시 광진구 역삼길 지하257,병철김백빌라 U동 493호,031-153-8347,usim@example.com
최영수,02112,부산광역시 도봉구 테헤란가 449,서윤김타워,041-284-5805,jeonseoyun@example.net
안경숙,94559,대구광역시 강남구 언주3가 573-11 (상훈장면),지현김타워 124호,043-358-8918,jiayun@example.com
한민준,44098,경상남도 인제군 도산대로 115-35,성민안김연립 X동 991호,017-950-9855,gimeunjeong@example.net
이정웅,28858,전라남도 고양시 일산서구 가락길 789 (시우송동),중수백홍타워 E동 125호,044-743-9673,songdohyeon@example.org
이진우,55252,인천광역시 종로구 석촌호수40거리 418-87,우진박타워,02-9395-9052,ji@example.net
김명자,10272,세종특별자치시 금천구 서초중앙0가 480-89,현숙최강아파트 마동 129호,055-706-7488,bagmyeongsug@example.org
김정식,79792,전라북도 광명시 선릉26로 지하77 (옥자송동),영호황이연립 B동 889호,010-6987-6513,gyeonghyisong@example.net
김현정,45708,경상남도 부천시 학동121거리 지하446,미경김백타워 O동 153호,010-0496-4061,cagyeongja@example.org
서예진,48787,대구광역시 구로구 압구정로 259,진우이빌라 025호,018-340-8188,gimsujin@example.net
황정자,60360,서울특별시 송파구 강남대로 354-68,은경노구마을 809호,052-843-9783,yeeun72@example.com
김민준,43699,충청북도 시흥시 영동대98로 826,경숙이조연립,016-797-5795,seoyunbag@example.org
정경숙,76260,강원도 양구군 도산대가 960-72,상호차마을 270호,031-707-8759,gimjeonghyi@example.net
류도현,24125,대전광역시 강북구 강남대6로 227 (서영서동),서준손이마을,031-347-8677,ecoe@example.org
오미숙,94359,전라남도 안산시 상록구 잠실21길 788 (서연최마을),상현김아파트,053-710-0724,eunseogim@example.org
김지현,74673,경상남도 용인시 기흥구 가락가 지하746,지후문김연립,063-804-5963,ncoe@example.org
홍성호,82700,경기도 청주시 상당구 석촌호수거리 64-78 (지우양황리),정식남서아파트,051-591-6599,yujihyeon@example.net
이지현,15381,인천광역시 노원구 도산대2가 599-88 (정희이읍),영길김박타운,052-894-0085,ngang@example.com
김옥순,72660,대구광역시 금천구 서초대가 316 (도윤문진면),지혜박황아파트 557호,043-227-1547,usiu@example.com
이채원,78535,강원도 가평군 테헤란30가 346 (상철김강읍),성수엄빌라 341호,010-4541-1759,jaehyeongim@example.com
김서영,16774,충청남도 당진시 가락거리 102-15,성현이아파트 793호,02-9224-0968,ui@example.net
박서연,70648,전라북도 부천시 원미구 강남대44가 41,민지최연립 Q동 510호,062-919-8776,pjang@example.com
윤영자,25346,강원도 괴산군 테헤란1거리 684-77,성민이마을 446호,010-3473-3504,kan@example.com
김예준,94922,부산광역시 강남구 역삼405길 941-50,성호김안연립,011-292-6364,obaeg@example.net
박준영,54217,경상북도 광명시 봉은사89가 851 (지연이동),선영김박타워,044-525-0059,yeonghwani@example.org
김영진,99905,충청북도 청주시 상당구 석촌호수230거리 572,도윤이타워 264호,062-537-6666,sanghyeon27@example.org
황병철,79872,전라남도 양양군 석촌호수로 877 (수빈장읍),준혁최마을 526호,018-884-8961,hryu@example.org
서지후,70763,경상남도 안성시 개포256가 70,상현김마을 196호,032-390-0157,ijiyeon@example.org
김현숙,54868,강원도 성남시 수정구 오금거리 83 (순자장마을),지은송강아파트,019-822-0662,eunyeong54@example.com
김서윤,62564,대구광역시 강북구 서초대가 96 (춘자박리),정호박타운,053-059-3262,yeonghwan73@example.org
곽진우,87400,부산광역시 서구 압구정43로 406 (경수김최동),지아장김빌라 886호,042-802-3375,coejihyeon@example.net
서영환,52285,울산광역시 서구 논현470가 696-17 (도윤이정리),유진김노아파트,052-964-4964,jaeho41@example.org
박지민,79131,충청남도 광주시 잠실945거리 지하922 (정자김동),재현박마을,063-661-4413,eunjeongryu@example.net
김경자,25591,제주특별자치도 춘천시 강남대로 878-68 (승현이읍),광수구마을,053-104-6394,iyejin@example.org
김예준,78254,충청남도 수원시 장안구 역삼328가 289 (중수류김면),중수강아파트 F동 097호,02-5533-5033,gimsujin@example.net
조서윤,05775,대구광역시 강서구 서초대07로 지하363 (지현김김읍),정식이박타운,041-992-0803,bagjeonghun@example.com
최채원,94760,대구광역시 동작구 개포91거리 602 (중수강이면),유진송박빌라 X동 708호,016-315-2737,seohyeon63@example.org
이영수,96079,충청남도 괴산군 언주4길 지하789,현준김이빌라 334호,062-306-9702,coedoyun@example.net
김영미,67633,세종특별자치시 관악구 테헤란길 662 (숙자최면),지후이타워 T동 222호,043-986-7088,yeongsig95@example.com
고도현,82493,광주광역시 도봉구 학동776가 515,은주박김타운 S동 422호,011-931-8217,zgang@example.org
서정훈,40845,경기도 광주시 오금길 875,영희이연립 733호,061-779-8182,khong@example.net
이경희,95879,전라북도 의왕시 서초중앙40가 지하409 (진우김동),건우구김마을,062-386-9137,jaehyeon51@example.org
김미정,27433,경상북도 수원시 영통구 학동길 765-35 (재현이마을),지은이마을 246호,063-112-6758,jaehogim@example.net
김윤서,34455,광주광역시 중구 학동길 702,은경김진연립,044-360-8500,minseog44@example.com
손도현,44257,전라북도 청주시 흥덕구 영동대3가 856-71,옥순주문타워 407호,011-125-9846,jiyeon25@example.com
차미영,68981,제주특별자치도 여주시 테헤란거리 918 (영미이면),은경김차연립,063-142-2767,eunseo18@example.org
조정훈,16008,대구광역시 남구 서초중앙길 986-3,영일고김빌라 D동 806호,011-632-9498,xsin@example.org
이채원,28013,대구광역시 마포구 삼성800거리 594-75,옥자황이마을,010-1656-6037,oi@example.com
박아름,07869,세종특별자치시 구로구 논현118로 860-92,광수박빌라,042-754-7242,amun@example.net
김미경,51658,부산광역시 서초구 반포대0로 698 (민준장읍),영진이민마을 O동 127호,070-9196-7448,doyuno@example.com
권미정,79919,강원도 충주시 오금90길 100 (영숙최박마을),상훈김송타운 813호,061-569-8349,jungsu80@example.com
백정호,73347,부산광역시 강서구 서초중앙로 149-2 (병철김면),승현양박마을,016-381-0827,gimyeongja@example.com
홍수민,49770,광주광역시 중랑구 도산대8가 331,영희유타운 J동 563호,063-202-8569,pbag@example.net
유도현,33147,강원도 서산시 가락길 346 (미영김이리),성진나하아파트 B동 636호,043-233-3306,jihyegim@example.com
오은영,12504,부산광역시 도봉구 언주59거리 504,진호김전빌라 430호,018-743-5194,yeongjinha@example.com
김은경,62987,부산광역시 강동구 강남대52로 606-35,중수이이타워,051-775-2008,qbag@example.com
김경자,55494,울산광역시 마포구 잠실길 434,옥순장장빌라,053-047-3752,isubin@example.org
김정남,76756,세종특별자치시 중구 백제고분1로 757 (정훈박면),성진안박타워 214호,016-299-1667,zgang@example.org
김정숙,34136,대구광역시 은평구 테헤란91길 688-77 (도윤서한리),도현이김타운,063-393-8069,lgim@example.com
양상훈,66495,경상남도 동해시 반포대034로 지하906 (옥자이송면),미정박빌라 956호,063-765-1822,jiaseo@example.net
오시우,46274,세종특별자치시 성북구 도산대거리 537-95 (아름박동),민석백아파트 A동 569호,044-628-6263,yunhyeonsug@example.org
이미숙,19803,세종특별자치시 북구 언주8가 728-81 (은영황홍리),유진이빌라 045호,053-905-2819,pju@example.org
고미경,30772,부산광역시 종로구 언주93로 335-2 (수진김김읍),민수이김아파트 246호,017-365-5337,zseo@example.net
홍순자,10873,세종특별자치시 구로구 서초중앙36길 554-40 (현지김면),옥자이우타워 L동 697호,019-922-4198,migyeong31@example.com
이은영,24229,인천광역시 강남구 압구정길 156-29,상현류연립,041-874-8891,kgim@example.org
황현우,40487,충청북도 포천시 석촌호수475가 지하364,현주한타운 781호,070-2799-4605,ijungsu@example.org
김현준,55412,울산광역시 동대문구 봉은사거리 539-68,승민김타운 V동 952호,063-134-4965,hyeonsug51@example.net
민옥순,37796,대구광역시 송파구 오금5길 790,지원최김타워 Q동 594호,042-313-6692,bgo@example.org
강유진,47615,세종특별자치시 서초구 선릉길 648-28,영자한연립 328호,02-7284-3014,vgim@example.org
문예지,21875,충청북도 천안시 서북구 개포로 845-10 (채원김서동),종수김아파트,042-482-4401,seonghyeon64@example.com
이예지,16396,경기도 동해시 영동대7길 599 (지후김리),성수송타운 361호,063-915-1552,jeongung01@example.net
최영순,38478,충청북도 부천시 원미구 영동대5길 819-10,현우김박타운,032-369-2626,fgim@example.com
김성호,25732,광주광역시 중랑구 학동5길 741 (춘자김이읍),현숙허연립 229호,042-467-6225,jihungim@example.org
박정호,01582,세종특별자치시 강북구 오금로 679-51,은영김김아파트,041-639-4650,wgim@example.net
김서영,82219,부산광역시 도봉구 테헤란길 지하950 (유진김면),명자고연립,044-271-5060,gyeongsug02@example.net
김지원,18423,경상남도 태백시 석촌호수로 787-76,영미김이마을 J동 891호,070-5260-0706,mijeonggim@example.com
이순자,50198,경상북도 시흥시 양재천거리 지하136,하은김구연립 439호,031-767-4023,pyun@example.com
박정남,54658,서울특별시 강동구 반포대416거리 474,지영김아파트 367동 413호,018-658-2716,gyeonghyigim@example.org
황아름,46106,부산광역시 양천구 도산대거리 712-49 (민재김리),광수심김마을,062-943-2477,areumbag@example.net
장현준,20599,전라남도 안양시 동안구 논현8로 118 (성진김마을),지영김차연립 T동 944호,019-855-6480,rhwang@example.org
안영수,51493,강원도 횡성군 석촌호수7길 지하513 (상현김김리),선영이류마을 991호,055-970-4862,yeonggili@example.com
이영진,43790,경상북도 안양시 봉은사7길 233 (지연장동),영식최타워 Z동 353호,062-513-6576,gweonjeongsu@example.net
이동현,53693,경상남도 춘천시 가락5거리 지하832 (미숙이동),은정장마을 E동 392호,062-494-6930,vi@example.net
김수빈,11755,세종특별자치시 은평구 서초대5거리 917,민준이이타운 L동 877호,055-948-1809,seohyeoni@example.net
이주원,90241,대구광역시 강북구 삼성가 978,영환김연립 T동 373호,018-393-8267,vsin@example.net
김옥자,65377,대구광역시 동대문구 압구정44길 743-78,영자이타운,011-620-5656,yeongsigcoe@example.org
김서연,39759,충청남도 속초시 서초대거리 529-8,서준안이마을,062-541-6276,myeongsug97@example.com
김민준,50242,대구광역시 북구 오금가 110,은서김한빌라,064-768-4104,miyeong06@example.net
김예지,84784,세종특별자치시 노원구 반포대83로 693,미영최마을 S동 305호,055-507-3816,seongmin04@example.org
안은서,56457,세종특별자치시 용산구 논현992가 358-37 (도현강면),영희김김타워,053-091-3040,hongseunghyeon@example.net
정지훈,11843,경상남도 광명시 논현로 66 (영일신마을),현주박김빌라 라동 848호,063-420-9409,qgim@example.org
이성수,25771,울산광역시 관악구 도산대로 893,채원최송타워,043-828-4685,jeongsu27@example.org
김하은,28787,울산광역시 금천구 서초대로 747,경자이장아파트,042-856-3122,ijiweon@example.org
민미정,53932,대전광역시 강서구 삼성91거리 707-99 (예지박박마을),민지최이타워 171호,031-874-4184,cgo@example.com
최정훈,80537,서울특별시 성동구 논현9거리 925-35,건우오최아파트 334호,043-262-7543,jeonghunjeong@example.org
이은지,89550,인천광역시 강동구 삼성22로 33,정호김김빌라 다동 988호,051-308-8617,hyeonjui@example.net
최우진,49568,대전광역시 양천구 오금가 618,지후황강빌라 바동 894호,031-017-0193,gwangsugim@example.org
이성진,91400,경상북도 옥천군 논현로 14 (은주곽면),성진서타운 I동 231호,031-191-4391,gimhayun@example.org
김준혁,48971,대구광역시 광진구 역삼274거리 600 (영자이문리),성진김타워 E동 327호,070-7809-4561,cbag@example.org
이승현,23169,서울특별시 노원구 테헤란24거리 637-18 (우진임오동),광수곽황연립 16동 197호,032-796-1877,jaehogim@example.com
이아름,35804,충청북도 철원군 삼성35로 177 (채원최마을),수빈차연립 718호,043-535-5146,gimjaeho@example.com
김혜진,05570,광주광역시 남구 테헤란가 255-2,성수김연립 547호,064-790-9269,bagjunhyeog@example.net
심영수,83130,대구광역시 서대문구 석촌호수435로 521,지영이아파트 다동 030호,016-146-1816,caeweoncoe@example.net
강영길,67609,대전광역시 용산구 언주거리 426,정호송서마을 24동 454호,063-391-1016,yuseongmin@example.net
안유진,30025,제주특별자치도 수원시 반포대로 841 (민석손조리),재현류타워,061-431-6614,hayun30@example.com
노성호,52117,강원도 공주시 역삼399로 888,준호윤빌라 라동 389호,041-724-8301,yeongil08@example.com
홍영일,70117,광주광역시 양천구 논현거리 416-14,정순박마을 662호,016-666-2618,gangsugja@example.com
이성민,07851,제주특별자치도 성남시 중원구 논현4거리 627,영진이마을 U동 285호,031-805-5148,yi@example.org
황병철,30313,전라북도 파주시 테헤란로 308,지우곽김빌라 마동 265호,061-101-0047,jaehyeongim@example.net
권정호,92394,경상북도 계룡시 서초중앙0로 744 (현정김김읍),지혜김타워 46동 645호,018-251-6230,oi@example.com
김정수,12561,경상북도 음성군 석촌호수길 366-76 (민지남양리),현지박김타운,02-8509-8162,seoyeongi@example.org
김재현,98936,경상북도 철원군 오금로 92,선영조장연립 G동 762호,055-690-5598,eyu@example.org
한동현,53444,대전광역시 서구 서초중앙5길 140-45,민서김손빌라 C동 958호,041-377-1844,minji99@example.com
김지영,02797,세종특별자치시 동대문구 선릉314거리 809,영식배아파트 650호,052-005-4735,yeeungweon@example.com
박도현,25943,대구광역시 서대문구 압구정길 171,정수양박타워 324호,044-683-8181,gmin@example.com
고혜진,50921,대전광역시 양천구 양재천로 878,정호김김타워 B동 411호,011-020-4704,hyeonsuggo@example.net
허성훈,06856,광주광역시 구로구 삼성길 지하287 (성민김조동),도현최연립 726호,041-024-0806,gimseoyeong@example.org
김우진,53198,강원도 영동군 잠실6거리 382-59 (예진이면),민준이연립 132호,010-6874-4764,agweon@example.net
권서영,36110,부산광역시 동작구 도산대거리 203,정순이빌라,02-3039-4012,seohyeonhwang@example.com
노도윤,34313,강원도 강릉시 반포대2길 340-40 (명자박김마을),정식이윤마을,043-969-2811,yeonghyihan@example.com
김경수,38144,강원도 용인시 선릉가 741-49,정숙황문연립,018-236-9924,googja@example.net
이정웅,14733,부산광역시 노원구 서초대5가 987 (현숙백면),정훈강강마을,061-805-2036,yejin07@example.com
나영미,38909,제주특별자치도 청주시 서원구 반포대1길 265-63 (정남이배동),은경강연립 171호,016-160-2406,seonghyeoni@example.com
심지후,58060,세종특별자치시 강남구 오금로 지하267 (은영김하읍),민재김타운 617호,070-3429-7068,doyun64@example.com
권시우,89635,세종특별자치시 양천구 강남대로 818-54 (영미문홍리),미영김이연립 72동 147호,052-041-4629,jeongnamcoe@example.net
조건우,29132,충청북도 양구군 서초대로 24-11 (하윤송면),현주박마을 497호,054-029-4542,vbag@example.org
최경희,39926,충청남도 안산시 서초대54거리 751 (순자강김면),미숙이황아파트 606호,055-513-3011,geonu64@example.org
최은경,86425,부산광역시 강서구 테헤란72가 436-96 (민석오이면),아름손타워,061-996-4361,xan@example.net
이예지,99019,광주광역시 강남구 도산대229거리 655-21,진우박타운 457호,051-606-0143,jaehyeonbag@example.com
홍영환,54940,대구광역시 송파구 잠실거리 136-54,혜진류아파트 619호,064-779-0835,ujinson@example.net
홍서준,36520,울산광역시 동작구 논현가 지하367,경희이박아파트,054-174-9818,eungyeong15@example.net
김진우,35901,경상남도 파주시 도산대3거리 627,수진박타운 691호,018-514-1635,igim@example.org
김경희,61751,인천광역시 도봉구 강남대64가 지하480,미경이권연립 F동 107호,031-663-6864,sanghungim@example.com
이재현,54299,충청남도 부천시 오정구 학동933가 394,미정이김타운 691호,044-478-2672,jieunbag@example.net
김숙자,48655,서울특별시 도봉구 잠실로 591-66 (서연김손읍),우진이이타워 479호,042-472-5721,seunghyeon60@example.net
김현숙,29377,강원도 보은군 서초대531거리 129,지혜양아파트 798호,063-860-6910,minseo11@example.com
김지혜,75343,경상남도 서산시 서초대88길 359 (우진김노리),지현최연립 702호,041-353-3883,jeongja43@example.org
노지후,98829,세종특별자치시 북구 가락335거리 715,영순최타워,063-663-1484,yunyejun@example.org
이우진,52344,세종특별자치시 동작구 잠실길 757,서준구장연립 326호,033-563-6489,gyeonghyii@example.org
박상현,17223,부산광역시 중랑구 가락5거리 817,성수문빌라 다동 466호,054-155-4000,ui@example.org
김서영,94915,전라북도 강릉시 삼성로 388,현숙강이타운 E동 693호,02-5691-2970,jeongsu14@example.org
박서현,22211,부산광역시 성북구 압구정9로 485 (영수고면),하윤류조마을 935호,051-316-3238,ghwang@example.com
윤옥순,53456,서울특별시 송파구 가락로 165,병철이박타운,052-715-8861,seongmin28@example.net
고성호,53861,경상북도 아산시 가락78로 565,성현김박아파트 009호,053-926-7713,gyeonghyi04@example.net
박준혁,73769,경상북도 의정부시 반포대82가 지하626,경수고김빌라 506호,031-691-8180,jangjihye@example.net
이예진,21430,강원도 성남시 분당구 잠실거리 914-40,진우김빌라 084호,02-8709-6021,anjihye@example.com
이현지,55497,인천광역시 중랑구 강남대630길 522 (경희이읍),현정박손아파트,010-4324-4848,gimsunog@example.net
강명자,39241,강원도 태백시 오금가 44,성수이빌라 596호,042-949-7659,hajiweon@example.net
한준영,58369,울산광역시 종로구 삼성가 248,지영최아파트 가동 380호,061-696-6464,egim@example.com
조현숙,71031,광주광역시 북구 백제고분6거리 978-25 (순옥김읍),지원김마을 M동 191호,019-215-0928,ubag@example.com
류주원,93246,대전광역시 은평구 가락2거리 607 (현준김김면),민수황이연립 123호,063-569-6657,hongyeongsug@example.com
이영일,15636,강원도 수원시 영통구 도산대24거리 372,지후유타워 Y동 268호,055-197-6875,gimmisug@example.net
서상철,44061,전라북도 하남시 봉은사가 270,성훈박이타워,063-146-9171,bagsujin@example.org
김경자,78621,강원도 옥천군 봉은사251가 429,영숙김빌라 S동 526호,02-7136-7211,egim@example.com
곽영숙,56082,경상북도 철원군 서초대가 676-97,명자최김타운,052-007-5260,bagseoyeon@example.net
권은주,59340,경상북도 원주시 강남대2가 308,옥자서문빌라 249호,054-054-6011,geonugim@example.net
김우진,75725,인천광역시 중랑구 언주0가 19 (영일조면),예진류김아파트 414호,053-777-2594,vi@example.com
김은주,27034,전라북도 용인시 양재천3거리 946 (영철허리),영순홍마을 374호,019-757-8029,seunghyeongim@example.com
박은영,22058,부산광역시 성북구 역삼로 지하814,주원박강빌라 811호,053-530-2910,gyeongsug16@example.net
황성훈,93219,부산광역시 강서구 학동거리 625,준호박김아파트 824호,064-747-0987,gangyeweon@example.com
임예준,80769,경상북도 속초시 오금4가 452 (영환정동),승현김타운,016-482-7379,ygim@example.com
김지영,84536,강원도 영동군 영동대길 219,현지박타운,032-946-8546,ngim@example.org
송옥순,10119,경상남도 원주시 역삼17거리 607-21,경수최타운 L동 517호,044-998-0114,jeongho19@example.com
이정희,10795,경기도 아산시 선릉거리 571,정호김문빌라,070-6732-7887,gweonseongho@example.org
장은영,90394,경기도 철원군 서초중앙길 지하989 (영길박김리),민지김타운 마동 586호,041-252-0095,eunyeong95@example.org
심지훈,08354,서울특별시 강북구 석촌호수12거리 926-97,성수박이타워,010-6389-1462,coesangho@example.com
김지원,67541,부산광역시 서초구 서초중앙46로 413,영환김백아파트 148호,070-3322-6386,icoe@example.org
김민재,65029,광주광역시 도봉구 봉은사로 794,영철류심타운 F동 396호,043-042-0788,nhong@example.net
이지민,15273,경상북도 광주시 서초중앙가 485-38,우진박김연립,016-986-6357,sunogjeon@example.com
안미경,89922,충청북도 논산시 오금8거리 902,수진서김타워,053-142-8289,yeongsug99@example.org
고정식,95493,울산광역시 남구 서초중앙16거리 지하720,서영허빌라 555호,018-299-8242,gwangsugim@example.org
이예준,19697,광주광역시 구로구 석촌호수거리 473,경자윤송타워,02-5711-4920,yeongilbag@example.org
강영숙,35762,대전광역시 남구 오금로 지하830,은정전마을 137호,061-531-3619,minsui@example.org
김민지,01285,대구광역시 북구 가락0길 286-97 (은주최동),순자장타운 101호,062-194-4551,gimjeongnam@example.org
윤순자,05220,경상남도 동두천시 선릉91길 718 (서영장리),수진이연립 D동 502호,011-786-6318,jangeunju@example.net
강민석,26850,전라남도 수원시 영통구 양재천774거리 539-50,진우장연립 F동 767호,02-2478-2627,jeonjungsu@example.com
최준서,19578,경기도 홍천군 테헤란거리 482,은서이오타워,032-197-4779,bgim@example.com
이준서,06042,인천광역시 강동구 양재천6로 958-65 (서준김읍),지혜박아파트 195호,019-621-2782,areumhwang@example.org
노성훈,97942,대전광역시 양천구 서초중앙39거리 399-34,예지김김타워,016-491-4358,seunghyeongo@example.net
최상훈,70001,서울특별시 영등포구 영동대가 319 (채원서면),예은문강연립 799호,044-179-3870,subin51@example.net
신하은,93735,전라북도 서천군 논현가 495-12 (정남진김면),미영강김타운 라동 062호,054-676-5574,yeongsigi@example.org
허민서,96105,제주특별자치도 동두천시 압구정로 310,아름한아파트 R동 031호,032-456-2498,myeongja16@example.com
박수민,71299,충청북도 아산시 테헤란100가 787-66 (건우김김동),명자한아파트,063-505-5920,hyeonu89@example.com
김서준,22485,경기도 고성군 테헤란로 855 (미숙장이동),정웅박김타운,054-294-2030,ogjai@example.net
황지혜,68401,경상남도 부천시 오정구 압구정가 925-64,예원박이타워 W동 589호,063-557-6297,jiyeonggim@example.net
하순옥,34615,서울특별시 북구 도산대235가 616 (영철박김마을),혜진이김타워 168호,042-870-4871,yeongmi81@example.net
김지훈,69615,전라남도 충주시 압구정9거리 912 (진호박한리),보람이타운 623호,062-522-4407,jihun60@example.com
정서연,30733,전라북도 용인시 석촌호수로 381 (춘자이리),준호주박타운 318호,019-216-0786,qmun@example.net
허정자,22999,전라북도 인제군 개포803길 100-30,지은박박아파트 X동 985호,042-412-7538,songyeongho@example.net
김진호,76494,세종특별자치시 강동구 가락거리 437,유진김마을 538호,043-609-9167,yeongmibaeg@example.org
이시우,43853,대전광역시 관악구 가락8가 67,서준김빌라 939호,053-140-7344,minji25@example.com
권서영,96884,경상북도 고양시 덕양구 백제고분길 787-3,성민박연립 542동 037호,031-219-2721,anyeongja@example.net
윤영자,70312,서울특별시 광진구 반포대거리 168,현우양연립,070-4140-8024,coesumin@example.org
이영호,22021,대구광역시 송파구 서초중앙29로 343 (성현이한리),보람박빌라 P동 439호,053-687-4169,idonghyeon@example.net
손민석,98417,광주광역시 동구 잠실6거리 51 (정웅이리),영숙이김타운 741호,054-141-9740,donghyeon14@example.net
장도현,61606,인천광역시 동작구 가락길 887-83,광수김송연립,055-391-9676,sujino@example.net
김광수,55563,대구광역시 동구 잠실거리 840 (현숙한면),윤서이최마을 X동 034호,011-160-0311,rgim@example.com
김성수,39869,인천광역시 서대문구 학동31로 173-21 (은정김김읍),정자오고타운,054-398-5714,tryu@example.net
이광수,87370,경상북도 철원군 석촌호수로 지하418,하윤황빌라,042-068-6718,jeongsungim@example.com
홍미숙,56002,경기도 제천시 강남대로 340-11 (상철한면),영미김빌라 라동 677호,019-957-0079,seoyeong68@example.org
한영일,86925,제주특별자치도 고성군 석촌호수길 802-97,정숙김빌라 K동 934호,032-192-9968,jgwag@example.org
김정식,09235,울산광역시 성북구 서초대로 551,우진김이아파트 Q동 835호,051-143-6513,yuneunyeong@example.net
박경희,52920,경상북도 홍성군 압구정거리 89,영순서장타워 922호,064-752-0301,jeongsuggweon@example.net
윤은서,58192,인천광역시 금천구 양재천410로 927-63,정숙강이마을 마동 085호,062-692-0101,gweonjinu@example.net
김병철,04318,경기도 고양시 일산동구 석촌호수71가 144-44,우진김아파트 027호,062-194-9472,seungmingim@example.com
김시우,86358,광주광역시 강동구 개포가 981-17 (현준이강면),혜진김빌라 479호,033-242-9872,jongsu79@example.org
김영길,18234,제주특별자치도 춘천시 영동대길 606,영호안김마을 722호,063-904-3024,ao@example.net
권하은,14054,부산광역시 용산구 백제고분9로 지하709,영진안마을 060호,042-442-8219,heoareum@example.org
김상호,10224,제주특별자치도 구리시 논현길 400,영식손김아파트 E동 774호,070-3479-8497,hyeonjii@example.com
김선영,12143,전라남도 동해시 강남대거리 762-71,예준최타운,070-9234-9576,migyeongim@example.net
김영길,31448,인천광역시 동작구 반포대로 지하148,영일김아파트,041-389-0823,junho59@example.org
윤보람,98309,세종특별자치시 강서구 잠실22가 369-83,지영김백타운 W동 845호,061-250-4409,gimhyeonsug@example.org
윤영순,85190,경상북도 홍천군 영동대길 230 (현우윤양읍),상호이이연립 343호,011-806-3131,jihye16@example.org
박상훈,78636,광주광역시 동구 삼성9길 681-32,성민이강아파트 000호,010-5818-5172,sanghoheo@example.org
오도윤,38723,울산광역시 금천구 테헤란가 68-7 (옥자오동),지후박마을 811호,055-543-2197,jihyeon58@example.net
최영진,35374,전라남도 안산시 반포대26로 2 (영희박곽동),민수이마을 457호,070-3618-2183,ho@example.net
김순자,27542,경상북도 홍천군 양재천257가 421 (정식양면),예준이김아파트,019-736-5862,donghyeonjo@example.org
이영철,12005,세종특별자치시 북구 논현길 4,병철오한타워 X동 300호,033-824-3819,jeongsug98@example.org
김영숙,70998,제주특별자치도 포천시 봉은사로 960-74,은서이마을 마동 581호,070-2864-7478,bagjeonghyi@example.com
이영희,80373,대구광역시 마포구 도산대거리 88 (서윤이리),재호이타워,053-161-1039,seoyunhan@example.org
윤명자,06135,울산광역시 강북구 백제고분575로 지하398 (서현이김동),민지이타워 471호,041-420-6750,jeongsun50@example.net
최예지,63507,세종특별자치시 북구 반포대거리 784-28 (예원김동),은서김지아파트 다동 853호,051-508-5190,bi@example.org
김예준,37386,충청북도 아산시 서초중앙길 773-61,주원황빌라 마동 927호,061-649-4157,sanghunheo@example.com
강정호,91815,대구광역시 금천구 역삼359로 589 (성훈조박면),정희엄빌라,011-994-4881,geonu13@example.net
이예진,58624,충청남도 철원군 잠실길 145-48,아름최장빌라 다동 459호,053-263-8347,geonu88@example.org
김영환,94991,인천광역시 은평구 잠실746길 687-37 (승현조장리),정숙박김아파트 248호,064-776-8906,rgim@example.org
이우진,82624,세종특별자치시 성북구 삼성36거리 525-25 (선영장전마을),서영박아파트 113호,031-992-9359,gyeongjaan@example.com
김영자,01689,세종특별자치시 성동구 서초대39거리 733-21,미영엄손연립,041-998-9789,jcoe@example.org
이경수,38801,전라남도 동해시 반포대1거리 664,은영이김타워 다동 641호,02-7810-0416,haneunseo@example.com
배아름,50232,대전광역시 광진구 양재천476길 833,영환이연립 491호,019-815-8031,gimsangceol@example.net
김아름,19456,대전광역시 성동구 압구정거리 지하445,지훈김김타운 469호,017-636-5356,wgim@example.com
김지은,67201,경기도 원주시 언주48가 지하538 (은경전읍),주원나최마을 다동 923호,062-440-5189,hji@example.com
박시우,43504,충청남도 광명시 영동대371길 565-62 (정숙손민마을),민석박박아파트 276호,054-099-7838,yeji24@example.net
안영길,30646,대전광역시 송파구 반포대로 414-16 (민지김박면),승민박아파트 43동 370호,033-427-0934,haeunan@example.net
서옥자,01682,경기도 부천시 서초대7거리 555,지현김아파트 190호,019-786-7816,fca@example.org
김은경,74324,충청남도 안양시 동안구 서초중앙0거리 409,은영김한연립,041-491-8000,yeeuni@example.com
이광수,30820,울산광역시 도봉구 가락3가 131,시우류박빌라,070-9368-0764,seonyeongryu@example.net
박정웅,39078,대전광역시 광진구 언주97가 293 (정훈김동),광수김김마을,061-494-4891,seonghunsong@example.org
장현숙,84566,경상남도 청양군 서초대길 468 (현지이읍),정호강빌라 K동 459호,018-809-4250,jeonghyigang@example.com
이채원,76204,충청남도 금산군 봉은사가 지하842 (주원강김면),중수박아파트 Z동 564호,017-725-8639,jihye33@example.com
이성진,74844,대전광역시 관악구 언주거리 129-39 (현주김마을),현숙오타운 507호,061-760-3666,phwang@example.net
김하은,85557,인천광역시 동구 서초중앙로 857-23,서연임타워,055-603-2971,gi@example.net
박준혁,27509,세종특별자치시 남구 논현925거리 635-64,승민권조아파트,064-733-4425,gimsiu@example.org
홍영철,18928,경기도 보은군 백제고분거리 421,경자김연립,064-761-9899,jungsu68@example.com
박영숙,95143,충청남도 횡성군 언주741로 273,도윤서이타워 W동 967호,031-042-0719,minseo86@example.org
이옥자,53408,충청북도 계룡시 가락389거리 753 (경숙윤남면),지혜김곽아파트 가동 525호,010-0848-3295,yeongho93@example.com
이성훈,39545,부산광역시 영등포구 백제고분3로 655,영희윤연립 A동 956호,054-524-9057,umin@example.net
이성호,96797,세종특별자치시 송파구 반포대길 415 (은주송이마을),성수조김타워 794호,042-571-9311,gbag@example.org
이지후,56672,대구광역시 동대문구 언주3길 314 (영순이면),상철김서타운,017-656-0913,seoyeonbag@example.net
이민서,61735,경상북도 제천시 영동대가 655-59 (명숙서리),은서김빌라 363호,016-996-0533,gimsujin@example.net
황옥자,52708,서울특별시 북구 개포가 115 (영일남동),영길박권타운 M동 342호,054-430-9380,hyejinhong@example.com
이예준,49933,광주광역시 강동구 테헤란1가 146 (은경김마을),혜진손남마을,011-092-8652,bagseoyun@example.org
이영미,90004,전라북도 음성군 역삼길 199-9 (민준최김마을),영철이김타운 U동 166호,054-398-9454,ii@example.com
손민서,73337,전라남도 수원시 장안구 서초대52길 596-83,영일고안타운,018-393-2919,seongjeongsu@example.com
이수민,08422,경상남도 평택시 석촌호수거리 638 (미정장김면),정훈장타워,054-182-5572,seongsu87@example.org
안영진,35307,대전광역시 금천구 서초중앙가 866 (현정안마을),서윤민빌라,019-961-9138,ohwang@example.net
이현숙,38953,부산광역시 성북구 가락길 342-96 (현우권읍),정남김김연립,064-715-2020,ijiweon@example.com
김지후,07335,충청북도 과천시 영동대거리 329 (영식우송읍),지원류박마을 마동 971호,010-7421-9334,eno@example.net
박경희,79224,대전광역시 강남구 반포대거리 686-64 (상호김이동),지은한배마을 F동 977호,063-421-1054,gimhyeonjun@example.com
이지민,17274,전라북도 영월군 영동대길 978-45 (정남박황면),은주홍타운 961호,044-132-0326,seongmin61@example.com
류준호,27566,충청남도 청주시 상당구 강남대로 447-32,지후이빌라,052-101-8397,gyeongjai@example.net
배상현,50733,서울특별시 구로구 압구정가 339,지원송류빌라 464호,053-548-9846,jinu31@example.org
주성호,15102,광주광역시 영등포구 서초중앙로 921,영진김김빌라,053-555-6808,gimjihye@example.com
양수빈,72341,부산광역시 동작구 압구정길 780-69,옥자박박연립 792호,051-422-1855,minjae95@example.net
김옥순,09018,경기도 용인시 수지구 논현길 776-13 (준혁박김면),준혁엄연립,02-5847-6589,cunja05@example.org
이승민,51139,서울특별시 서대문구 삼성거리 395-65 (영일이임리),영진박장아파트 998호,052-718-7145,hyeonjii@example.net
김서영,93075,충청북도 화천군 도산대5거리 598 (정수윤이동),윤서오김마을,070-4256-2154,seoyeonggim@example.com
김진호,99414,대전광역시 서대문구 삼성135거리 지하40 (지연김정면),정수강타워 G동 874호,054-073-8694,abag@example.org
이하은,47992,대전광역시 영등포구 개포12거리 56-31,재현오박타운 T동 585호,031-400-1260,zryu@example.org
이은주,91682,경기도 남양주시 반포대564가 873-26 (재현김송면),은정박이빌라 945호,02-3467-1295,tbag@example.org
권춘자,14191,충청남도 공주시 영동대로 412,유진한김타워,033-826-6042,hyeonjeong87@example.org
이하은,72948,충청북도 화천군 오금92가 794,예은강타워 F동 677호,052-548-8478,gimhayun@example.net
안은서,56062,인천광역시 북구 개포48거리 543 (도윤김동),지훈성김연립 410동 457호,042-355-1448,ieunju@example.com
이진우,44033,세종특별자치시 강남구 개포0로 43 (현정김동),현숙윤타워 284호,02-4788-4903,jihye45@example.net
박중수,47126,울산광역시 강북구 학동거리 519-56 (서윤고리),수민김아파트 M동 647호,052-307-6896,gimseonyeong@example.com
이준서,65970,충청남도 부천시 개포길 889-69 (상훈김이면),재현오장빌라 278호,051-626-6409,gimmiyeong@example.org
구은경,70007,대전광역시 북구 논현길 431,지후민아파트 P동 946호,032-535-2550,sonseongho@example.net
이서연,84817,서울특별시 강남구 반포대42길 94 (종수김고동),숙자나이연립 J동 553호,016-317-6720,ogjai@example.org
이경수,10824,전라남도 예산군 압구정거리 지하310,영진이아파트,042-151-2507,gimyeongja@example.org
김경자,71110,전라북도 서산시 석촌호수18가 940,승민김이타운 K동 335호,031-367-0885,ijeong@example.org
정경수,59812,울산광역시 노원구 백제고분1가 813,수빈이아파트,063-543-6632,misug90@example.net
허현우,78373,인천광역시 은평구 반포대41로 914 (영희민동),현준김타워 B동 583호,010-7641-6641,bagyeonghyi@example.net
민지현,32808,경상북도 군포시 반포대길 122 (영희김최리),현지이김마을,011-699-8761,ci@example.net
김영미,19066,인천광역시 강북구 학동거리 753,현정권이빌라 465호,051-742-8833,yeongsusong@example.com
윤민준,41881,부산광역시 남구 언주로 917 (수빈김동),영자김빌라,041-996-3392,gimjeongung@example.com
양예지,45681,강원도 오산시 오금거리 607 (명자최면),옥자엄빌라 A동 114호,031-443-8088,qbae@example.net
박유진,31409,경상남도 삼척시 선릉6거리 230,지훈최윤아파트 U동 359호,063-086-0242,ogsun68@example.net
박정자,56824,제주특별자치도 예산군 강남대가 234-86,도현김아파트 다동 305호,011-406-4283,ybag@example.net
김정자,93923,제주특별자치도 화성시 영동대84거리 지하493,순옥이류타워 515호,044-766-6846,jeongsighwang@example.org
이윤서,66552,서울특별시 성북구 강남대길 779 (은경김동),정희정이타워 440호,018-751-8242,sbag@example.org
장영철,33421,강원도 영동군 서초중앙284길 지하441,미숙김박타운,064-766-4985,di@example.org
이진호,50666,세종특별자치시 서대문구 잠실길 501-63 (현정김김리),민지전연립,011-495-3462,areum15@example.org
최영진,13037,충청남도 음성군 강남대가 493-84 (병철김김면),영희박아파트 804호,033-531-9846,jeonghoi@example.com
서서윤,93255,충청남도 부천시 소사구 영동대36로 282 (은경권마을),민석이김타운,061-339-9235,caeweoni@example.net
장동현,72929,광주광역시 금천구 압구정가 271 (미숙김리),민재이황마을,052-249-0856,areumgwag@example.com
이재호,47294,울산광역시 서구 개포로 283,경숙홍타워,042-740-9682,gomisug@example.net
류예진,74099,전라북도 청주시 흥덕구 서초대6거리 450 (순자김백동),수빈안마을,051-538-2952,hyeonjungwag@example.com
이승현,49326,대구광역시 강북구 역삼2길 427-97 (예원김마을),성수허아파트,043-348-1993,jihyei@example.com
이수빈,01078,울산광역시 강서구 삼성444가 610 (숙자김면),경자오연립 884호,052-858-6440,siubag@example.com
이상호,54286,충청북도 성남시 선릉길 431-16,수민성김아파트 X동 648호,031-396-6854,sanghyeon27@example.org
박영일,57756,전라남도 평택시 오금거리 590-92,윤서김연립 058호,043-926-6069,gwangsui@example.com
최영길,13049,경상남도 가평군 압구정로 581 (영호박신리),윤서백김마을 V동 759호,031-094-3345,subinmun@example.net
이명숙,68275,광주광역시 종로구 역삼2가 497 (민지허양리),서현강아파트 T동 334호,070-4653-2472,minjae69@example.com
류정수,53194,대전광역시 북구 서초중앙길 515-18 (정남김읍),서준서하연립,053-726-8573,coemisug@example.org
이재현,62698,인천광역시 중랑구 서초대2거리 708-45 (영식김마을),정웅송연립 468동 113호,044-597-9947,xi@example.org
이현주,59945,대전광역시 강남구 봉은사거리 951-50,경수박타운 132호,031-448-9401,subingim@example.net
김정식,02974,경상북도 용인시 처인구 반포대길 560-74,은지박연립 516호,053-707-5096,seonghyeongang@example.com
강지영,93849,대전광역시 강동구 잠실20가 948-29 (미숙황박면),동현홍타운 가동 071호,02-3179-1474,mijeong40@example.com
성아름,34485,인천광역시 동대문구 영동대80로 838-1 (미정이면),지혜김타운 745호,061-152-0720,sunogsong@example.org
김재호,35832,대구광역시 남구 반포대519거리 373-20,영식이장연립 라동 291호,064-763-9045,misugi@example.com
김영진,42838,울산광역시 종로구 영동대56가 530 (은지이면),상현김아파트,052-456-1934,jihyeon77@example.com
서민석,10996,전라북도 괴산군 서초중앙가 729-97,예진이타운,053-549-1128,ryun@example.com
최숙자,53554,제주특별자치도 구리시 양재천4길 404-48,민지오김타운 992호,011-486-3098,byun@example.com
박지은,79504,경상북도 홍천군 가락길 617,숙자이김타워 X동 788호,051-318-3416,iyujin@example.net
박우진,72557,전라남도 철원군 백제고분길 127-41,영미최고아파트 610호,044-925-7951,zgim@example.org
김정자,23767,전라북도 강릉시 테헤란1로 802-10 (춘자엄김읍),지아김마을 나동 491호,033-346-1896,igyeongsug@example.com
이서연,80147,대구광역시 강동구 잠실가 959-88 (수빈민동),상철이빌라,011-178-3014,kbae@example.net
권예은,01248,대전광역시 중구 서초대가 660,옥순박마을,031-546-0206,gyeongsugan@example.com
이은영,10118,세종특별자치시 성북구 강남대로 688,정자김이연립 167호,018-907-6449,munyeongsun@example.net
김중수,77413,경상남도 보령시 석촌호수75가 733 (명숙김장면),정순이박타운,063-074-9498,jeongsu82@example.com
서영자,32709,인천광역시 노원구 석촌호수4거리 지하423 (준서안김리),하윤신박연립 691호,042-460-3154,jeongjao@example.com
김상현,29376,전라북도 청주시 청원구 서초중앙거리 954-78,경수구권타워 마동 799호,053-685-2391,gimjungsu@example.net
김민지,85383,대전광역시 중구 삼성651길 37,미경황황마을,017-610-5418,gimhaeun@example.org
김혜진,97122,서울특별시 도봉구 서초대가 387-86 (현주성마을),지혜김김마을 X동 854호,043-951-6512,hanjeongnam@example.com
윤지원,29469,경상북도 화천군 선릉978거리 881 (하윤차손마을),건우한윤타워 라동 248호,031-844-3616,hanseongjin@example.net
박성호,22966,강원도 예산군 압구정가 316-49 (옥자박면),현주박아파트,016-798-9614,jihu21@example.net
권성현,83578,충청북도 태안군 테헤란가 688 (시우김서동),채원박마을,064-770-8649,bagyejun@example.org
이하은,88118,세종특별자치시 강남구 서초중앙8거리 282 (은경김권읍),준서진김타운 Q동 261호,063-284-1390,seohyeoni@example.net
홍현준,22320,전라북도 성남시 봉은사2로 865 (중수박면),미숙김배연립 926호,043-362-9440,gweonyeonghyi@example.net
최서영,02470,광주광역시 노원구 언주거리 923-67,윤서윤김마을 E동 227호,051-705-8476,oyang@example.org
서영진,27594,경상북도 단양군 오금로 424 (성현양동),상현정고타워 182호,031-482-6750,yeongjingim@example.com
박준서,85959,충청남도 안양시 만안구 영동대거리 606-49 (은영김권면),성호문이연립,02-6001-2831,yeongsug87@example.org
김지후,03231,울산광역시 중구 선릉161길 지하862 (진호손김리),아름조장타운 502호,010-3065-5215,lgim@example.net
김수민,88840,충청남도 성남시 분당구 가락6가 788,경희이마을 V동 839호,02-3628-3096,yejin74@example.net
김혜진,89739,인천광역시 동구 양재천0거리 895 (정숙오마을),도현김타운 166호,031-304-5045,mgim@example.net
이정훈,37506,울산광역시 동작구 강남대거리 68 (상호심김리),은주이빌라 T동 924호,044-514-8764,rryu@example.org
박미경,06192,인천광역시 남구 서초대가 90-95,지원이타워 836동 739호,019-125-5305,jihu46@example.com
김하은,40753,충청북도 수원시 팔달구 서초중앙238가 138,성진문손빌라,011-096-0827,idonghyeon@example.org
이은지,90887,경기도 수원시 권선구 도산대로 15,보람황오빌라 729호,053-356-5468,hgo@example.com
노영미,01089,부산광역시 강동구 언주로 184-64 (은영안윤면),채원최남마을 703호,010-9105-4650,oi@example.net
이서윤,85488,경상북도 여주시 봉은사길 501,은경홍최연립 937호,044-962-7950,junho49@example.com
강영길,44054,경상남도 의정부시 봉은사775가 625,경숙김아파트 228호,041-328-8229,sinminji@example.org
고성훈,69224,경기도 이천시 봉은사길 602-21 (현정이이마을),아름김타운,054-189-0918,donghyeoni@example.com
박성수,81529,울산광역시 금천구 삼성길 75-65,준영박김타운 220호,052-996-2839,boram26@example.org
신지후,74417,전라북도 안양시 만안구 오금434가 567 (수빈권한동),하은손김아파트 다동 345호,054-902-0153,li@example.com
김지연,90708,부산광역시 동구 역삼2로 지하614,은경박엄빌라 라동 826호,064-722-2088,jongsuju@example.com
권미숙,76031,충청남도 철원군 양재천352로 141,승현최김타워 V동 893호,052-367-2200,eunju06@example.org
박민수,86455,경상북도 공주시 영동대로 지하845 (성호박최마을),채원진이연립 E동 879호,011-888-9036,hyeonu85@example.com
류영환,72326,전라북도 부천시 오정구 역삼길 564 (민석한박리),민재송이타운 가동 416호,052-238-4951,dohyeongim@example.net
황도현,32339,충청남도 충주시 잠실2길 537 (지현이강동),정훈김윤연립 143호,051-025-4305,gimseoyeong@example.com
문서연,27247,세종특별자치시 광진구 잠실거리 지하818,숙자최빌라 930호,017-762-8285,mgim@example.net
지은정,28615,제주특별자치도 홍천군 오금902로 374 (민지김홍면),경수류손마을,031-945-8557,jeongsungo@example.com
김영수,72691,세종특별자치시 양천구 언주로 지하618,보람류아파트 W동 559호,031-950-7718,yeweon87@example.org
강현우,96037,인천광역시 중랑구 역삼거리 358-21,승민최타운 160호,033-775-6850,jeongung06@example.net
이우진,95609,광주광역시 강남구 서초중앙가 835 (병철김동),시우조이아파트 020호,018-515-4454,areumgim@example.org
김수민,78633,충청남도 안산시 상록구 역삼7길 775-24,민서이이아파트 A동 340호,011-579-3227,minji57@example.org
권성훈,75296,대구광역시 은평구 개포길 715 (지은김면),서영김박아파트 바동 189호,011-845-5245,seonyeong01@example.org
이준서,05389,전라북도 파주시 강남대가 339-80 (성수김리),경자황김타워 J동 274호,070-8529-2915,casangho@example.net
김옥순,59191,경기도 화천군 학동044로 720,승현김서마을 마동 698호,031-198-0909,byeongceolgim@example.org
윤정숙,53612,전라남도 수원시 영통구 삼성로 702,준영최빌라 577호,033-218-7882,gimyeongmi@example.org
허경수,68774,세종특별자치시 광진구 선릉거리 479 (병철김면),미경심타워 705호,061-826-5405,bagsanghun@example.net
송은주,13792,대전광역시 중랑구 영동대1거리 806 (예은안한면),현우김한연립 K동 503호,02-0365-2358,jaehyeonan@example.com
권옥순,37867,경상북도 영동군 반포대거리 787,영숙신아파트 다동 810호,019-458-6142,gimsiu@example.com
박지우,35890,대전광역시 남구 언주37로 998-87 (주원최박마을),영희이강마을 201호,044-273-0758,pi@example.org
박순자,11153,대구광역시 동대문구 테헤란98거리 438,상현이김타워,032-997-1034,seonyeong92@example.org
장수진,88081,세종특별자치시 동구 개포길 669-31 (유진이박면),우진이성마을,031-927-7681,seongjin44@example.com
이우진,65726,경상북도 서천군 삼성가 91-29,영철이연립 330호,017-790-5915,gimjaehyeon@example.com
우영철,37394,제주특별자치도 서산시 테헤란39거리 217-12 (동현황읍),서현안권아파트 526호,064-763-2906,yeongil82@example.org
서현우,63424,대전광역시 성북구 논현거리 622 (준서박이면),현우신연립 T동 286호,010-5700-2815,tbae@example.org
김경희,68198,전라남도 부천시 원미구 언주0거리 583 (영일최김마을),현정홍타운,011-485-5366,gyeongsug74@example.com
손상훈,89691,경상북도 철원군 백제고분311거리 181,채원최송타워 422호,033-185-4700,gimsangceol@example.com
김경자,84073,경상남도 화성시 개포거리 940-18,동현이하연립 776호,064-781-9069,yeongho07@example.com
하지영,69305,울산광역시 종로구 삼성로 지하317,은정박아파트 043호,055-820-6808,lju@example.net
손민재,06569,경기도 화성시 서초대6길 858-18,지우이마을,018-564-6213,zgim@example.org
우준서,71652,울산광역시 마포구 석촌호수로 131 (상철이김면),건우류빌라,042-062-9132,ryueunseo@example.net
김정훈,77277,전라남도 안성시 강남대가 지하270,예원장윤타운,053-443-5560,jiyeonu@example.net
이순옥,31775,전라남도 고양시 도산대93길 908,준영김빌라,053-792-9557,igyeongsug@example.com
배미정,54131,서울특별시 관악구 강남대길 310-30 (성수김면),지현안최아파트 F동 290호,051-476-7675,jinugim@example.com
허보람,66833,대구광역시 성동구 강남대거리 88 (경숙이엄동),민준김김타운 523호,018-494-9389,di@example.org
박성훈,10165,세종특별자치시 용산구 가락259가 211,지은김박타운,019-493-1106,subin85@example.net
박준혁,12070,전라북도 과천시 양재천로 109-59 (영호이노읍),성호김한타워 617동 072호,016-219-8007,hongseongho@example.com
구민지,75449,경상북도 시흥시 잠실가 270,영호김이마을,02-2220-3528,bagdonghyeon@example.net
이은정,76466,대전광역시 강남구 서초중앙168가 44,영진김김빌라 155호,011-806-7019,geonumun@example.org
박영일,27258,대전광역시 은평구 오금9로 890 (준혁김박면),민재김타워,054-984-9103,eungyeong96@example.net
서지우,18901,인천광역시 노원구 잠실거리 832 (건우이동),정순윤마을 798호,019-581-5794,yeji47@example.com
김아름,74359,경상북도 김포시 학동3길 396-97 (종수이동),승현안박타워 829호,044-979-0986,hgim@example.net
김성수,19999,충청남도 태백시 선릉거리 846 (영순김김읍),서준장연립 047호,011-805-3074,mgim@example.org
배경수,69946,경기도 청주시 상당구 선릉로 지하245 (정훈이송리),주원조이마을 G동 927호,019-203-2308,juweonjang@example.org
전주원,97887,충청남도 청양군 학동98로 623 (영미주안면),민서장빌라 L동 483호,019-475-8120,haeun04@example.com
김상철,04033,세종특별자치시 성북구 학동로 433 (명자이동),지은김타운,064-750-5315,seongho23@example.net
김서연,88929,제주특별자치도 양양군 논현가 879 (은주이마을),아름권유타워 390호,033-285-8683,sonhyejin@example.com
이영숙,30271,전라남도 음성군 반포대07로 166 (중수주동),시우이홍빌라,033-297-1607,namjinho@example.net
김은주,28440,울산광역시 중랑구 봉은사로 924 (채원이면),서영이임타워 마동 837호,053-001-9770,dan@example.net
김지영,56592,강원도 동두천시 석촌호수67거리 735,명자최타운 Z동 859호,053-124-6389,yeonghwancoe@example.net
최선영,83648,서울특별시 구로구 언주129거리 872,정훈양연립 854호,018-817-1567,minji56@example.com
최보람,19497,부산광역시 중구 가락4로 315-49,영숙김이타워,043-113-6122,dgim@example.com
이상현,59531,제주특별자치도 의정부시 도산대가 790 (도현최마을),정훈김아파트 707호,017-733-0394,yhwang@example.com
김경숙,03937,세종특별자치시 구로구 양재천635거리 지하601 (미정박동),미정문타운 091호,033-081-2572,simseongjin@example.org
서도현,30703,전라북도 용인시 처인구 양재천가 289,준영김타운 Q동 540호,033-520-7419,vgim@example.net
송춘자,18715,전라남도 정선군 강남대로 628 (지연백면),승민김연립,033-359-3418,junyeong69@example.net
김영희,55605,인천광역시 광진구 서초대가 364 (하은이이리),채원이문마을 L동 870호,016-346-7857,ai@example.com
김성호,11601,전라북도 동두천시 봉은사로 654-32,숙자이마을 N동 170호,011-802-1237,gyeongsugmun@example.org
백지현,09088,부산광역시 강남구 테헤란957길 지하49,승민한김타운 30동 087호,044-017-6771,junyeongryu@example.org
안순옥,43388,대구광역시 동대문구 오금로 729-96 (영길서읍),보람이마을,043-431-0196,jinu54@example.com
김종수,11627,제주특별자치도 고양시 일산서구 테헤란가 975-31 (영희김동),보람박김빌라 441호,051-866-2549,kgim@example.org
고채원,37252,세종특별자치시 강동구 서초중앙가 472,정식강이마을,011-670-9831,wi@example.com
우현숙,98412,경상북도 포천시 학동거리 288-11,영희이김아파트 B동 672호,032-914-7869,jeongnam01@example.net
이서현,06506,부산광역시 서대문구 강남대가 749-8,승민김이아파트 433호,042-884-3042,sangho17@example.com
김동현,63687,대전광역시 송파구 삼성47로 지하402 (미경김이동),주원서김타운 J동 385호,062-750-8135,songeunyeong@example.net
이수빈,54967,서울특별시 서대문구 반포대로 338-52 (성수김박읍),건우박마을 다동 827호,033-054-8737,jcoe@example.org
우준혁,48048,부산광역시 서대문구 서초대9길 187-90 (은영차서읍),현정이이타워 010호,063-946-3854,yunyeonggil@example.net
김성민,69627,전라북도 충주시 석촌호수가 48-33 (영순양리),종수김김타운 T동 535호,018-908-0358,iseoyun@example.com
서시우,17697,경상남도 화성시 서초대1로 322 (지혜최면),하윤김박빌라 O동 594호,017-625-4651,sangceol99@example.org
곽영일,66803,울산광역시 강서구 언주로 620,주원이연립 K동 144호,052-599-0804,tgim@example.net
김영수,41833,제주특별자치도 부천시 원미구 강남대거리 126-32,종수김박빌라,053-711-3988,seoyeonghyi@example.com
김민서,72952,경기도 영월군 도산대6가 264 (은경이면),도현최아파트,044-815-9579,gyeongja10@example.net
장경수,46842,인천광역시 서구 역삼가 735-34,성훈박나빌라,032-407-0254,yeongil60@example.net
차도현,00801,울산광역시 북구 서초대0로 766-84,정숙권김타운 E동 725호,064-702-5127,bagyeongja@example.com
김순옥,25647,인천광역시 용산구 언주거리 64,정남고마을 722호,054-637-4433,gimminji@example.net
김명숙,27073,서울특별시 동작구 잠실로 582,시우이연립 N동 738호,019-622-7913,gimjeongnam@example.org
김지원,07644,강원도 성남시 수정구 선릉거리 297 (지영송동),윤서김아파트 139호,043-090-0129,hongdoyun@example.net
김순옥,42974,광주광역시 성북구 압구정가 72,경자조마을 바동 677호,044-511-4981,iseongho@example.com
최예원,57557,강원도 수원시 석촌호수거리 229-27,병철이유아파트,044-700-9915,isangceol@example.org
김미영,36150,대구광역시 동작구 오금거리 318 (도현이읍),은서민김빌라 F동 745호,041-591-6807,gsong@example.com
윤상현,33339,경상북도 영월군 테헤란168가 300,지아김이마을,018-702-4359,abag@example.org
이지은,17755,울산광역시 강남구 서초대0로 875 (진호백성리),준호박김타운 597호,018-556-9925,gwagogja@example.com
박서연,50597,인천광역시 중랑구 반포대가 671-47,정희김타워 345호,064-781-4864,jeongsughwang@example.org
최재호,86270,인천광역시 노원구 테헤란848가 지하266 (경자김리),영호황타워,063-989-9686,hyejin51@example.net
한정훈,92900,세종특별자치시 성북구 봉은사6로 392,광수이김아파트 T동 384호,041-845-3916,sonminsu@example.org
우영미,76081,전라북도 예산군 학동길 700-50,수빈이연립 402호,070-6951-9337,seoyeong30@example.org
이민준,89071,경상남도 수원시 영통구 오금길 460,성민장김아파트 042호,010-9358-9651,bagjeongsig@example.net
김순자,77738,인천광역시 동대문구 잠실로 지하723,지현송마을 931호,043-853-2285,jongsu05@example.org
고서준,79852,대전광역시 노원구 반포대1가 지하786 (정호이김읍),민재김빌라,062-540-4435,minjaei@example.org
김민재,28373,경상북도 김포시 잠실32로 333-54 (하은이김리),상철구전타워 531호,017-155-1765,yeongho06@example.com
장도현,19259,서울특별시 관악구 학동로 53-47 (영철허동),서현윤홍마을 826호,032-182-2997,jimini@example.com
주영숙,59446,전라남도 홍성군 서초대0길 277,시우박마을 981호,070-5266-2638,uhan@example.com
김경수,77176,전라남도 의정부시 개포길 466-44 (지우이박마을),정희한타워 Z동 225호,019-329-8782,seongsubin@example.com
김준혁,79698,부산광역시 강서구 도산대가 743-28 (광수신면),옥순윤류연립 N동 238호,017-086-4720,qgim@example.net
양지현,72178,경기도 태백시 테헤란거리 48-61 (수빈김동),옥자서연립,053-789-3760,qhan@example.net
이광수,44973,서울특별시 동구 양재천거리 720-82,영길박아파트,062-610-2467,sangceol31@example.net
박상호,83453,충청남도 태안군 테헤란거리 139 (예준이심마을),예진김장아파트 740호,031-275-0389,gyeongsugim@example.net
조경숙,74311,충청남도 정선군 언주436거리 612-3 (현숙권김면),은지심이타워,032-534-7747,gyeongsug96@example.com
구영환,25221,광주광역시 성북구 오금가 256-87,혜진양강빌라 O동 750호,044-315-3872,jeongjao@example.net
김경숙,26263,전라남도 양주시 가락거리 560,성민하타운,053-691-3753,jieun18@example.org
김광수,92510,경상북도 수원시 팔달구 서초대거리 12-50,시우김류마을 D동 521호,019-117-9229,baeghyeonjeong@example.com
김영숙,94338,충청남도 당진시 서초중앙거리 68 (옥순박면),우진양마을,042-656-3944,tgim@example.org
임도윤,88055,광주광역시 성동구 선릉354길 지하518,지우백김아파트 582호,02-8290-1936,isunog@example.net
이윤서,73635,제주특별자치도 영동군 학동6길 783 (도윤노면),정남고빌라,054-457-4373,hgim@example.com
박영환,55240,세종특별자치시 양천구 반포대거리 888 (미영송이동),정식오김타워,051-197-7869,gbag@example.net
김진호,12769,대구광역시 송파구 압구정로 798,순자윤김마을,010-4333-0968,ei@example.com
차정훈,64583,경상북도 청주시 상당구 봉은사거리 131,건우이조타워 764호,031-636-1857,jeongsigyang@example.com
김서윤,30093,충청북도 춘천시 학동거리 447-85 (동현이강면),옥순배하타워,064-747-9143,ogsun53@example.net
김은영,28567,광주광역시 도봉구 선릉51가 611-99 (상현최마을),영식이김타운 182호,032-180-8915,yeongjin16@example.net
서윤서,57910,전라남도 단양군 도산대5거리 144-10,서영서마을 H동 893호,02-7732-5323,wsong@example.org
권성호,69067,대전광역시 도봉구 석촌호수가 지하851 (재현송면),영수박박타운 731호,061-893-0478,baegminsu@example.org
최시우,40775,경상북도 연천군 강남대길 924-59 (민재서마을),동현박빌라 020호,017-799-5937,jeonghuno@example.com
김영환,24585,충청북도 군포시 오금길 691-14,영환오오아파트 A동 403호,017-711-9881,igeonu@example.org
최서현,75890,강원도 금산군 도산대길 253 (옥자한읍),지훈김타운 X동 116호,062-233-6016,fi@example.org
박영진,94120,부산광역시 남구 개포75길 554-64 (도현손면),경숙김손빌라 592호,033-963-6086,yujin22@example.org
오수진,95826,전라남도 안양시 동안구 테헤란6길 지하913 (경수안권동),정순김아파트,042-424-9314,imijeong@example.net
김현준,21021,서울특별시 중구 서초중앙가 122 (현숙조동),도윤장박아파트 X동 403호,044-869-5544,eunjison@example.net
박정훈,74852,제주특별자치도 서천군 영동대8거리 318 (유진박마을),정식장박연립 122호,031-197-2604,gweonujin@example.net
이도현,70661,충청남도 동두천시 서초대로 134,현숙장김마을 405호,016-704-6945,jeongmyeongsug@example.com
이미영,63349,광주광역시 마포구 영동대811길 지하80,민수심아파트 S동 718호,02-8752-9930,seojeongnam@example.org
이현정,64453,경상북도 증평군 서초중앙거리 지하398 (정자김송읍),상훈박타워 L동 935호,016-474-7273,seojun73@example.com
우정숙,39607,전라북도 시흥시 테헤란거리 271-81,서윤김타워 K동 073호,033-413-7010,xgim@example.com
김예진,61866,충청남도 진천군 서초대로 811 (준혁고오동),정수고김타운 415호,019-493-7469,jiui@example.net
하준혁,39731,광주광역시 도봉구 논현길 530 (경숙차마을),경수권이마을 615호,033-283-9701,tgim@example.net
정미숙,27459,충청남도 성남시 수정구 강남대길 826-2 (윤서장마을),은경권양아파트,044-065-9682,ei@example.org
김지아,16812,강원도 태안군 가락길 지하789,은서이최타운 L동 455호,018-277-9055,hongyeji@example.com
김예준,06928,서울특별시 북구 서초중앙5길 248-18,영미진타운,033-426-4557,jaehomin@example.org
지은영,80080,전라남도 음성군 선릉로 693,은주김곽빌라,054-461-4842,iseonyeong@example.com
서성수,18928,세종특별자치시 중구 서초대4가 412,서연이김타워 721호,02-9345-6809,nayeongho@example.net
박중수,36478,경기도 용인시 수지구 영동대가 532-56,동현진아파트 B동 589호,064-768-3748,ryang@example.net
이준호,73209,경상북도 보은군 도산대거리 671 (현우이마을),옥순김아파트 974호,061-762-0962,jiagwag@example.net
김민재,92499,서울특별시 동대문구 양재천거리 지하396 (경희남마을),예준김박연립 다동 154호,016-565-3349,sugjacoe@example.com
이지우,80820,전라북도 구리시 선릉거리 565-61 (종수김동),은주오마을 377호,051-268-0101,sonjinu@example.org
문민수,10448,광주광역시 서구 잠실915로 291-31,시우홍최아파트,019-836-5081,jieungim@example.org
김예준,91250,충청남도 안양시 강남대55로 516 (건우김김마을),서영이김빌라 382호,044-789-6759,sanghun84@example.org
김순자,36491,전라남도 안산시 상록구 도산대거리 668 (준영이이읍),정자양타운,063-603-3034,coegyeongja@example.com
민경자,32130,세종특별자치시 동구 서초중앙81가 1,영철이타워 다동 171호,064-758-1119,gi@example.net
이도윤,80991,광주광역시 서대문구 역삼181가 957 (도윤김마을),도윤고박아파트 707호,044-878-5485,pu@example.com
황옥순,15832,경상북도 부천시 원미구 역삼8길 133-76 (상현김동),영수남박마을 079호,055-674-0695,oi@example.com
한정훈,25867,강원도 보은군 봉은사길 308-62,정순조류빌라 Z동 385호,063-167-5098,sumin08@example.com
이정웅,61191,경기도 오산시 반포대4길 지하35,서윤김최아파트 515호,061-512-1791,jeongja18@example.com
최재현,27107,대전광역시 중구 논현거리 247-44,상훈김아파트,061-649-8213,eunjeong23@example.com
하수민,25312,경상북도 남양주시 논현84거리 362-40,은정이박빌라 다동 542호,062-888-7153,lsong@example.com
류영순,92647,제주특별자치도 수원시 장안구 압구정41가 236-65,승현심최마을 S동 050호,062-736-8652,minjun35@example.org
강명숙,71340,경상북도 안양시 만안구 압구정로 41,순옥이박타워 650호,042-935-4825,jeongsiggim@example.org
최준혁,64302,충청북도 포천시 서초대로 지하710,지후박연립 I동 724호,018-438-5771,minjiyang@example.net
이시우,36870,세종특별자치시 광진구 삼성755거리 626 (지민김남리),영철배최연립,053-511-0156,gwangsubag@example.org
김민준,67002,경상북도 고양시 가락길 734,은영박타워,063-317-6288,seohyeon01@example.com
엄서연,49372,충청북도 철원군 압구정가 지하627 (정자최리),지아이타운,033-029-1290,goseoyun@example.org
김승현,11356,충청남도 단양군 영동대48로 지하34 (미숙김박리),준서이박타워 가동 658호,043-754-3985,ji@example.org
서현숙,36444,대구광역시 금천구 반포대19로 969-8,명숙손이빌라 A동 488호,011-205-7212,siubag@example.org
이정순,21396,경상북도 당진시 테헤란거리 558 (상현김최리),성민김타운 K동 191호,019-385-9469,jihyeongim@example.org
윤은지,35687,경상북도 성남시 분당구 개포335거리 697 (은서황엄면),지우최이타운,051-725-3611,sumin60@example.com
권정호,52713,충청북도 양양군 백제고분가 494-56,시우최오빌라,070-2434-9323,gimminseo@example.org
윤영환,32813,경상남도 태백시 언주가 645 (지아이서리),은주유타운 C동 388호,011-175-9364,gimcunja@example.org
송예준,39176,대전광역시 은평구 양재천거리 지하162 (정훈황한읍),영환최마을 094호,02-4547-7889,gimjeongsig@example.org
이준혁,09580,경기도 양주시 역삼507거리 931,영호신강아파트 L동 314호,018-609-6031,coejeongsun@example.com
오재호,62301,전라북도 동해시 도산대71가 601,광수신최타워,041-819-3206,hayun55@example.org
이영길,83923,경기도 안산시 오금1길 536-71 (병철강면),은경한이아파트,053-419-9194,jaeho21@example.net
김선영,34476,대전광역시 서대문구 테헤란거리 지하38 (경수김노읍),지우김김마을 276호,016-496-3331,ian@example.org
최지후,26512,부산광역시 용산구 오금길 439-18 (숙자이마을),수빈송김아파트,062-506-3057,hyeonji79@example.net
이민준,89815,충청남도 안양시 동안구 반포대로 지하92,지훈박연립,017-179-8569,ijunho@example.org
김영자,45795,제주특별자치도 고양시 일산서구 논현7길 406-3 (영환이최마을),예원이연립 809호,031-577-1880,jeongho77@example.net
오영희,29782,울산광역시 서초구 잠실가 643 (영희조리),경희이빌라 Z동 143호,010-5922-8354,gimseonghyeon@example.net
김정호,06866,대전광역시 서초구 서초중앙가 115,재호지아파트 930호,064-752-0026,gimjinu@example.org
양영호,22903,대구광역시 동구 개포77거리 751,지영문이연립 170호,017-314-9205,yunjihyeon@example.net
신영환,44050,전라북도 부여군 석촌호수로 403,아름문마을 501호,062-905-3201,aneunjeong@example.org
김예준,78456,전라남도 청주시 서원구 반포대길 2-28 (보람김읍),지우오김마을,041-489-0422,simhaeun@example.org
한성진,16039,전라북도 속초시 선릉거리 748-72,성호이타워 484호,033-957-5150,minjaecoe@example.net
최시우,33827,울산광역시 구로구 봉은사길 22,예지김최마을 다동 217호,064-747-4274,cseo@example.com
김예지,42989,경상남도 예산군 석촌호수91거리 735-56,재호김하연립 997호,062-909-4847,gimjeonghun@example.net
김순자,72958,부산광역시 강동구 학동6로 67 (민서이읍),영진김연립 C동 379호,043-368-8374,jinho02@example.com
최은주,38573,울산광역시 양천구 석촌호수가 지하850 (도윤박리),시우김지빌라,062-193-4244,eunyeonggim@example.org
김서윤,63507,경기도 청주시 서원구 백제고분로 653,윤서박타워 H동 342호,055-816-4039,seonghunyun@example.org
윤상훈,83648,인천광역시 서대문구 백제고분가 810 (준호이이동),진호김아파트 C동 079호,063-346-1283,hyeonjeong53@example.org
이정수,78862,전라남도 청주시 서원구 강남대가 130-10,성현김타운,054-419-1636,gyeongsughwang@example.com
이영희,01189,충청북도 옥천군 압구정42거리 730-36,준서허한연립 R동 646호,032-907-9429,hyeonjigang@example.org
김병철,43576,강원도 고양시 일산동구 강남대거리 762,경자한이아파트 마동 352호,061-815-1636,bbag@example.net
서하은,32401,인천광역시 금천구 압구정거리 975 (준혁박리),민서구김아파트 30동 331호,019-108-7127,gimsumin@example.net
김현정,16517,경기도 공주시 오금길 252-72 (지연장김읍),경희김타워 204호,018-873-6637,ogja32@example.org
박윤서,87063,전라북도 수원시 영통구 서초중앙57거리 763-35 (진우김리),영호최아파트 846호,016-676-5837,jbag@example.net
이민수,01416,경상북도 군포시 반포대47가 786-14,서윤장타워 116호,055-270-5979,bagseongsu@example.org
최춘자,05625,광주광역시 성북구 서초중앙41거리 817-41 (정웅권서마을),민재박김마을 635호,031-616-8184,ri@example.net
김옥순,94396,대전광역시 서구 봉은사로 992-22 (민준한김동),정순김아파트 170동 231호,010-4577-8016,jeongsun64@example.com
김승현,69296,전라남도 부천시 원미구 서초대로 592-60 (미정김읍),상현김문타워 369호,044-828-6668,junho88@example.net
오준혁,15049,경상남도 성남시 수정구 오금가 437-25 (채원김손면),상현김타워,019-570-9642,yeongceol76@example.com
오영호,34652,세종특별자치시 강동구 반포대로 873-31,예지오마을,018-069-1935,imijeong@example.net
김예원,67018,인천광역시 광진구 학동1로 594-32 (준영조면),진우김연립,043-480-4368,zi@example.org
박지연,22129,대전광역시 마포구 선릉로 380-34 (동현김이읍),서현최윤타워 329동 807호,02-6971-9570,hyeonjeongjin@example.org
이영식,74264,울산광역시 중랑구 학동거리 140,성호김양타운 Y동 891호,033-823-3571,migyeong86@example.net
박영호,47953,경상북도 화성시 선릉거리 235-67 (미영서이마을),상철손김아파트 J동 405호,018-905-1521,caeweon95@example.com
민영호,11064,광주광역시 강남구 도산대가 516 (지은성최마을),민수강타워 K동 949호,031-234-3593,ogsuncoe@example.org
조지훈,60551,충청북도 아산시 테헤란거리 지하634,병철이문아파트,019-496-8501,yeongsun06@example.com
조영수,86573,강원도 천안시 동남구 서초중앙017거리 563-36 (동현김마을),현우이허빌라 L동 758호,02-3060-0145,seoyeon16@example.org
최은주,10622,광주광역시 동작구 삼성로 650-80,상훈김남마을 258호,011-572-0559,bgang@example.net
권지현,07904,강원도 괴산군 역삼508거리 241,현정이아파트 S동 031호,053-511-0098,byeongceol75@example.org
이영수,86082,경상북도 여주시 논현26로 지하385,경숙배최빌라,051-639-9341,juweon51@example.com
이영호,72094,세종특별자치시 용산구 학동5가 67 (경숙이강면),예지이배연립,018-252-5038,seodonghyeon@example.net
김경숙,88821,경기도 용인시 처인구 서초대530로 105 (미정김동),지원이이아파트 425호,053-241-9315,areum25@example.com
구승현,82287,전라북도 평택시 삼성거리 397,예진곽이연립 Q동 004호,043-373-7635,munjiweon@example.com
박보람,60109,세종특별자치시 북구 영동대거리 409-31,수진이이마을 바동 602호,054-874-9949,ogim@example.com
박은영,74649,인천광역시 금천구 삼성93길 699 (정자김김읍),명숙고타워 B동 920호,054-564-7950,gimhaeun@example.com
김준서,93210,대구광역시 마포구 영동대0가 179-87,진우김마을 740호,033-732-7555,gimjihun@example.net
김재호,68458,부산광역시 용산구 테헤란로 728-63,정식김박아파트,064-778-9691,bagyeeun@example.net
이정웅,17738,전라북도 의왕시 백제고분02길 227-78 (명자홍고읍),영희장조빌라 J동 830호,042-722-9567,gweonseongho@example.org
김도윤,36930,대구광역시 성북구 석촌호수691로 467-86,정남구아파트 386동 211호,018-839-9326,seungmin75@example.net
김성민,05138,서울특별시 영등포구 도산대56가 646,미영한연립 823호,051-211-7222,jeongsugan@example.org
이수빈,73221,대구광역시 동대문구 반포대0거리 지하866 (예은김면),춘자오마을,033-085-2077,jihyeonjin@example.net
박서영,28193,전라북도 하남시 석촌호수3거리 354,하은성타운 H동 290호,02-2100-1448,sangceoljang@example.com
이정웅,69144,경기도 안양시 강남대80로 685-49,윤서최김빌라 U동 897호,031-699-1854,caeweon97@example.org
최성진,71424,세종특별자치시 중구 압구정400로 43,예원김김타워 G동 927호,061-214-4701,jihun97@example.net
최은서,80028,부산광역시 강남구 가락106거리 684-77 (우진이황마을),영숙허타운,031-724-7048,seungmin16@example.com
권정희,46556,울산광역시 금천구 서초중앙47길 225 (은영김읍),유진김마을 마동 047호,043-729-3672,kgim@example.net
김숙자,21464,울산광역시 동구 오금로 450-23,민수황황타워 283호,019-226-0930,eunjijo@example.com
안지원,04656,경상북도 청주시 흥덕구 백제고분45거리 지하601 (성수송김리),정호안타운,031-163-4783,osugja@example.com
권정자,85514,부산광역시 양천구 논현13가 476,예원이빌라 K동 253호,041-469-0114,gimjia@example.com
최병철,19717,충청남도 시흥시 양재천7거리 475-31 (지은김읍),지영진마을 V동 903호,017-420-8277,seoyeong26@example.net
구영희,36513,제주특별자치도 고양시 선릉길 124-95,아름윤이빌라,042-220-1558,seohyeon14@example.org
최지원,19014,세종특별자치시 은평구 잠실길 863-62 (성훈송읍),은경이빌라,042-569-6475,simsanghun@example.net
이지연,39653,제주특별자치도 성남시 압구정9거리 623,경희이빌라 528호,042-723-0122,jbag@example.net
장지아,25484,전라북도 양양군 가락거리 448-67 (서현한김리),승민이박마을 504호,011-841-4493,gweonhyejin@example.org
차준영,46826,강원도 고양시 석촌호수1거리 256-81 (승현김이읍),서연박타워 바동 624호,011-625-0622,gyeonghyisong@example.net
한성수,07716,제주특별자치도 속초시 논현가 47 (병철김이마을),서현고타운 라동 517호,070-0110-7819,jeongsug72@example.org
오영희,74326,부산광역시 동작구 반포대819길 284 (예진한장리),수진박김타워 091호,063-670-1175,yunjeongsu@example.com
남순자,89802,전라남도 태안군 봉은사17거리 689 (민재김이마을),은지김안아파트,062-868-5164,khan@example.net
김유진,28629,세종특별자치시 동대문구 개포로 189-82 (현준이김읍),현숙김김타운 871호,031-315-2032,jungsubae@example.org
김정수,39007,충청북도 아산시 역삼길 66,영진박타워 834호,011-418-7765,bagjieun@example.net
성미정,38808,세종특별자치시 구로구 잠실가 798 (준서김마을),민준장이타운 R동 474호,02-4642-7143,myeongsug86@example.net
류정순,50602,대전광역시 양천구 역삼가 545-10 (중수허읍),준호강타운 262호,044-638-1335,wbag@example.org
류지혜,37139,울산광역시 성북구 선릉길 500-28 (재호이김동),현준이타워 183호,063-623-5296,seongsugwag@example.net
김주원,15800,강원도 보령시 석촌호수로 99-25 (병철김송읍),준혁손김연립,031-448-5632,mca@example.com
황정웅,89411,광주광역시 성북구 석촌호수2거리 476-9 (성호류마을),경자지하마을 225호,053-734-7153,yeongsig92@example.net
권미경,04935,경기도 청주시 서원구 영동대7가 430-7 (윤서김이마을),정식박이빌라 I동 924호,052-647-3910,bagjunseo@example.com
김현정,51696,인천광역시 은평구 개포711거리 58-99,지현권임타운 144호,064-765-0452,hyejingim@example.com
김지연,42528,전라남도 부여군 선릉79거리 693 (건우김리),유진김연립 W동 862호,033-210-6664,kgang@example.net
김수진,49172,전라북도 서산시 오금길 485-74,지후김아파트,055-955-8360,siugim@example.org
김성훈,33128,전라남도 부천시 원미구 백제고분로 332 (영식박읍),현주박노타워,018-609-1530,sunja23@example.net
안현숙,22566,서울특별시 남구 도산대가 180 (지연이박읍),미정남박빌라 157호,02-0507-0227,gwagseungmin@example.org
오영진,13365,울산광역시 서구 개포길 415,미정전아파트,053-003-6718,yeongsungo@example.net
조지후,96723,대구광역시 송파구 개포거리 121-99 (성훈이동),서현최아파트 Q동 259호,010-8313-6444,ihong@example.com
심서연,99178,세종특별자치시 동구 압구정길 지하239,은경노빌라 800호,062-125-4588,jeongja54@example.org
전지훈,61483,강원도 천안시 서북구 논현49길 944-63,지원김안마을 가동 975호,044-277-6603,iboram@example.com
서민석,35100,서울특별시 서대문구 논현로 939,은서김아파트 148호,033-362-6760,gimseongsu@example.org
류서영,58582,대구광역시 서구 오금859길 733-70,성호우김타워 438호,043-955-4554,yangeunju@example.net
고성현,75468,대구광역시 도봉구 봉은사가 115,현지노박빌라 622호,032-831-6369,yeongmi94@example.com
조성현,87214,경기도 의왕시 반포대로 794-80 (현지진리),서현이박마을 라동 768호,011-283-6401,mijeongi@example.com
장유진,35517,전라남도 성남시 논현31가 301,현숙이최아파트 다동 169호,070-6716-5949,jinhogim@example.net
김미정,00789,광주광역시 노원구 백제고분가 965-63,윤서김타워,044-620-4997,ojang@example.com
구예준,27478,강원도 김포시 서초대46로 901-66,병철박타운 Q동 701호,063-580-3686,junseobag@example.org
서은지,05848,세종특별자치시 은평구 영동대370길 272 (정희이동),경수김김빌라 404호,018-837-1823,jiugim@example.com
서상철,50353,부산광역시 관악구 봉은사가 174,서연노타워 299호,031-831-3837,hayuncoe@example.org
이현주,07847,서울특별시 노원구 도산대8길 505 (영수김읍),영자황타운 I동 704호,032-452-0459,hi@example.com
류민재,66081,충청북도 남양주시 개포길 811-52 (은지서백읍),아름김김타운 A동 568호,043-218-7272,gi@example.net
서은경,67728,인천광역시 은평구 영동대로 지하188,은주장김타워 493동 911호,018-308-6283,migyeongi@example.org
박도현,26669,경기도 삼척시 봉은사가 지하802 (정순송조동),재현정마을,016-409-3199,ngim@example.com
이동현,34254,대구광역시 용산구 언주2거리 229-35,도윤박타워 N동 729호,061-153-4204,odoyun@example.net
엄명자,61334,경상북도 여주시 선릉03거리 761 (옥자이동),영미지조아파트 나동 888호,010-0814-1493,igyeongsug@example.com
노영호,64596,세종특별자치시 광진구 역삼거리 10-98,준서이아파트 I동 783호,032-139-7346,heoseonyeong@example.org
이영철,54120,서울특별시 영등포구 석촌호수거리 839-81,영일김오연립 049호,016-382-0324,yeonggili@example.net
박경자,95026,전라북도 과천시 학동840거리 804 (지은안윤동),아름김아파트,031-077-0530,jiyeong00@example.com
김영환,67512,울산광역시 광진구 양재천로 307,지훈이안타운 Q동 937호,070-1394-0575,qgweon@example.org
윤숙자,16024,세종특별자치시 서대문구 봉은사거리 939,현주허유마을 413호,070-9903-1426,gimhyeonji@example.com
이경희,29836,전라남도 용인시 기흥구 백제고분078가 766 (우진김최읍),영철노타운 075호,055-324-3719,sugjai@example.com
김서준,36515,울산광역시 양천구 삼성668로 553 (정자박이읍),윤서이김아파트 306호,052-247-3801,fsong@example.org
유정수,32939,대구광역시 금천구 백제고분4가 지하538 (예원심동),지혜김김빌라 533호,063-449-6886,khan@example.com
박수진,00644,경기도 부천시 소사구 역삼길 822-68 (시우최서읍),은정한타워 L동 069호,033-412-8433,gimjeongsun@example.com
이민지,17555,서울특별시 용산구 삼성442로 886,서준최조마을,016-809-0130,oyeongsun@example.com
윤경수,15016,광주광역시 송파구 서초대길 220-6 (영환한리),정순장이타워,010-7627-7592,uryu@example.net
박영자,26845,경상남도 성남시 수정구 반포대거리 818 (미정박읍),은영김이아파트,017-413-3647,seonyeong84@example.org
김재호,92050,강원도 서산시 강남대649가 지하938 (영미김읍),성호윤김아파트 149호,042-267-8810,gimmiyeong@example.net
윤광수,30244,전라북도 천안시 동남구 백제고분27가 667-64 (선영이김리),지영이김빌라 P동 018호,063-364-8572,vi@example.org
안지아,20151,서울특별시 송파구 서초대70로 809 (정웅이리),수빈김빌라,019-545-3466,junseoi@example.net
김미영,99765,제주특별자치도 정선군 가락4로 724-7 (성호안송동),정식김빌라 278호,02-9395-1576,ryugyeongsug@example.net
이주원,37214,강원도 청주시 상당구 양재천로 672,준서이김마을 913호,019-245-8358,jeongsig75@example.org
서예진,44916,광주광역시 양천구 선릉3가 545,은서장타워 V동 984호,031-195-2608,jyun@example.net
박예원,04493,전라북도 용인시 처인구 양재천3거리 934-60,지아최황빌라,052-509-6925,yunseo93@example.com
이영일,46889,대전광역시 성동구 양재천421거리 62-95 (은지허읍),성현홍연립,055-608-7177,caeweonju@example.com
허현지,53272,경기도 고양시 일산동구 석촌호수1가 41-34,영자황타워 321호,051-745-1428,sangho68@example.org
지민수,15081,인천광역시 성북구 가락93거리 612,병철류박연립 L동 882호,017-397-9920,seonghyeon51@example.com
김현주,13897,전라남도 진천군 테헤란로 920,도윤이연립,033-270-6341,lcoe@example.net
이성훈,11450,전라북도 영동군 강남대743거리 15 (미정진읍),재호손빌라 E동 088호,052-913-5455,sjang@example.org
윤성현,22374,충청북도 태안군 학동거리 583-50 (정숙신면),하은오빌라,043-385-7333,jeongsigjang@example.org
황진우,43210,울산광역시 강동구 개포1길 947-39,성훈최윤연립 859호,053-304-5681,cjeong@example.com
김도현,09189,광주광역시 중랑구 역삼로 107-22 (준서구구리),지아이최마을 726호,053-461-2576,eunjugim@example.net
이상철,47816,충청남도 수원시 장안구 봉은사로 지하527 (성진황서동),유진나배마을 694호,062-234-1007,hyejin02@example.org
류미영,85360,세종특별자치시 양천구 삼성908거리 312,지은류마을 J동 335호,017-673-2435,jiweonhong@example.com
이수민,51437,인천광역시 금천구 서초중앙로 348 (동현안박마을),광수권김연립,011-181-0091,gangseungmin@example.net
이진호,80339,울산광역시 강남구 삼성거리 181 (보람김동),서연김김연립 510호,051-885-1699,caeweon40@example.com
백은서,78305,대전광역시 중구 논현8가 884,은서이타운 D동 776호,052-353-6562,rgim@example.net
김동현,80033,충청북도 예산군 반포대31길 20-16 (정순양이리),선영이타운 679호,051-635-4991,rji@example.net
김병철,96145,경기도 철원군 개포가 21-91,민수송이연립 다동 200호,02-6629-0934,ecoe@example.net
백정희,88623,대전광역시 동구 선릉로 지하236,윤서이김마을 968호,052-368-2796,wi@example.org
송경수,87133,제주특별자치도 춘천시 테헤란가 835 (영숙김윤마을),영일장송빌라,02-8208-6534,gbag@example.com
최지영,09405,서울특별시 도봉구 오금길 294-81 (예은김이읍),서영김빌라 974호,018-147-7329,gimsangho@example.org
김수진,79914,대전광역시 강서구 개포60로 233,영자김최타운 738호,043-928-4304,zyun@example.com
김정식,84711,세종특별자치시 송파구 개포7거리 836,은주강빌라 I동 069호,010-5829-2114,mgim@example.com
강지연,71000,광주광역시 노원구 가락거리 874-59 (준호김김면),미정이이빌라 985호,052-814-6570,minjun59@example.org
조혜진,29508,충청북도 용인시 처인구 석촌호수길 305-13,준호이홍타워 T동 661호,018-317-0560,gimeunju@example.com
이도윤,01590,대전광역시 구로구 잠실497가 347 (지우김이읍),준서윤이연립,051-846-1207,ogsun23@example.net
김주원,73312,대전광역시 서초구 강남대가 24-7,채원노빌라,064-788-5251,jinugim@example.net
서상훈,28532,인천광역시 은평구 영동대98로 693 (수진오권읍),미영김아파트 D동 341호,010-1758-3347,bagseongjin@example.org
강지민,71991,제주특별자치도 보령시 선릉0가 171,정수최아파트,053-548-4991,hanjeongsug@example.com
김민서,30954,대전광역시 북구 서초중앙로 768-83,지우김타운 H동 845호,053-732-3450,yeongsugi@example.org
지재호,70831,경상북도 예산군 언주43거리 616 (정수김면),승현박연립 J동 127호,033-137-1573,coehyeonjeong@example.net
김은영,87292,대구광역시 서구 잠실길 360-46,미영김마을 229호,063-998-4885,ogim@example.org
최현준,00505,광주광역시 동대문구 양재천529거리 257-54,현지이타운,019-420-8735,gyeongsug73@example.net
장민지,15004,충청북도 평택시 석촌호수945가 지하903,서영윤연립 B동 788호,017-901-4459,eunjeong97@example.com
이준호,07079,대구광역시 종로구 봉은사가 573 (지현한리),지훈김한연립 593호,070-2025-7735,namseongmin@example.net
한숙자,50938,울산광역시 성동구 봉은사거리 554-94 (상훈박리),명숙최타워 I동 459호,055-246-5128,junhogang@example.org
한민재,15130,전라북도 동두천시 개포589가 592 (경자신김읍),상현이장타운 466호,02-2681-2842,hi@example.net
민영환,06011,충청북도 구리시 압구정가 964-43 (춘자김김리),영자성이타워 770호,062-496-4685,simeunjeong@example.net
김예은,81797,경상남도 안양시 동안구 개포0로 408-79,경희고빌라 552호,051-070-3566,sanghyeon42@example.net
이정훈,94436,충청남도 화천군 역삼길 894 (상현배리),경자김마을,018-843-3594,ganggyeongsu@example.org
남하윤,02163,경기도 삼척시 선릉0가 129 (현주강최동),예은최타운 U동 053호,062-026-2864,jeonghyi23@example.com
김지혜,64853,경기도 김포시 영동대거리 180 (서준최마을),현준박이마을 075호,042-309-0418,bagseongho@example.org
이승민,42276,서울특별시 관악구 테헤란06거리 203 (성수김동),성훈이박연립 171동 756호,070-0358-3064,hyeonjeong54@example.com
김옥자,28643,인천광역시 강서구 개포9거리 884 (민준이김리),상호이빌라 라동 959호,043-984-2890,gyeongsug76@example.com
김민서,18896,서울특별시 중랑구 학동14길 464 (정숙이강면),영미김김타워,016-958-0973,gimogja@example.com
유예진,79419,대전광역시 중구 논현로 962-99 (민석배면),미정류타워,062-502-6941,ijaeho@example.com
이성현,68505,강원도 원주시 테헤란가 690,도현박한타워 나동 203호,011-830-7656,lcoe@example.com
고숙자,57519,세종특별자치시 양천구 역삼가 419 (성진최동),준서홍빌라,064-752-8523,jeonhyeonjun@example.net
이현지,70134,세종특별자치시 금천구 선릉9길 595 (영미이면),영진홍연립 944호,053-135-2268,jinhogo@example.com
서미경,26549,대전광역시 양천구 오금5가 885 (승민김김면),준호민아파트,018-161-9757,ryujaeho@example.org
김정웅,03489,부산광역시 강서구 양재천158길 511,상철송아파트 093호,041-059-6031,jeongsun83@example.org
황은경,58633,전라남도 천안시 서북구 잠실576길 446,민준이마을 다동 046호,042-626-7239,ygim@example.org
구영수,98780,강원도 단양군 영동대5로 764-26 (숙자강김마을),은영노아파트,062-140-1662,iseojun@example.org
서도현,61406,전라남도 남양주시 서초중앙가 101,순옥이마을 J동 837호,044-258-7479,jeongnami@example.org
남성훈,33895,부산광역시 광진구 잠실932가 560,영호류빌라 Q동 766호,018-143-4825,gimhyeonjun@example.com
이건우,21967,광주광역시 성동구 반포대6로 715,혜진박김마을 186호,061-627-8114,gcoe@example.org
임정훈,56809,대구광역시 강남구 강남대9로 지하340 (지혜이박읍),중수강박빌라 260호,043-326-4677,gbag@example.com
김동현,78536,대구광역시 마포구 테헤란길 501,정남이김아파트 다동 523호,018-173-0638,oseongmin@example.org
주영식,22232,대구광역시 성북구 개포거리 727,예준김차마을 V동 207호,02-4250-3364,anjunho@example.com
최정자,12748,경상남도 광명시 언주로 536,영자최최타워,054-968-9368,hyeonjio@example.com
최진우,13743,울산광역시 동작구 언주길 지하665,승민박연립,061-540-5913,yangjaehyeon@example.net
김상철,96911,울산광역시 중랑구 압구정4로 152-22,유진양장빌라,016-431-6374,seojunseo@example.net
김정숙,26405,전라북도 청주시 흥덕구 가락17로 658-28 (지아이읍),민준황타운 A동 883호,044-703-0134,ogweon@example.org
문미영,19057,세종특별자치시 관악구 백제고분8로 290 (아름김면),혜진김빌라 Q동 526호,051-012-7973,seonghun00@example.org
최시우,05661,인천광역시 서구 가락3로 11,지민안이빌라,052-523-2945,seongjin42@example.com
백지혜,00355,충청북도 안양시 동안구 개포010거리 190-64 (서현권마을),우진김박아파트 S동 797호,063-420-8772,myeongsuggim@example.net
박건우,15913,충청북도 태백시 언주03길 525-25 (예지강면),정희이오연립 Y동 472호,02-1399-9792,jaeho12@example.net
김춘자,46183,경상북도 부천시 오정구 역삼길 지하999 (준혁김동),민수최송아파트,044-765-7163,yeongmigim@example.org
박건우,05672,울산광역시 노원구 도산대549거리 215-16,지은이송마을 573호,043-737-1487,qgim@example.com
최상철,12866,대전광역시 영등포구 영동대길 166-67 (영미홍동),수민오서마을,031-410-0840,kjang@example.org
류정훈,16668,울산광역시 성동구 도산대500거리 882 (정호최손읍),현준한송빌라,010-3840-6597,sunog24@example.org
김윤서,89791,대전광역시 강북구 학동로 824 (하윤오마을),준서홍최연립,061-768-2078,iyeongsig@example.org
김정훈,35874,충청남도 제천시 언주1가 308-93,미영유정타워,042-074-7448,gimjinu@example.com
김성훈,24008,경상남도 영월군 양재천로 768 (보람김동),윤서배김마을 S동 831호,053-182-4852,iyeongmi@example.com
우준혁,84231,서울특별시 마포구 강남대길 지하876 (민지신김읍),지은박김빌라 B동 078호,044-612-9044,yeongilgwag@example.com
임영순,57382,광주광역시 은평구 양재천62거리 909 (옥순이면),영철김고타운 E동 840호,033-632-9870,jeongjabag@example.com
허성진,13573,제주특별자치도 구리시 논현로 768 (재호안조동),보람김이빌라,032-525-1064,gimseungmin@example.net
박예진,70650,인천광역시 동대문구 개포46거리 667-6,지은오오연립,011-755-3438,jihun97@example.net
조하은,32691,전라북도 용인시 압구정6길 905,현주박김타워,063-335-5153,yeonggilgim@example.net
유중수,02888,충청남도 시흥시 오금19거리 763-58,순자김타운,032-210-5201,bagyujin@example.net
김옥순,31714,경기도 옥천군 백제고분로 722 (준혁한동),순자장타운,051-157-5167,gbaeg@example.com
김미숙,69341,울산광역시 서초구 논현52길 408-51,현정최빌라 010호,010-0578-7388,sujini@example.org
허재호,95633,전라북도 당진시 서초대거리 553-79,미영나박마을 787호,043-652-1360,yeonghyi32@example.org
박시우,59723,제주특별자치도 평택시 오금65가 63-44 (정남오면),영자최김마을,063-501-0890,sujin02@example.com
이성수,29344,울산광역시 동대문구 역삼로 801 (준혁김면),병철김김마을 T동 349호,018-370-8270,yejungim@example.net
장정식,47240,충청남도 파주시 압구정로 지하276 (춘자이리),춘자장연립 130호,016-540-7234,vi@example.net
엄영희,36239,광주광역시 북구 도산대0가 985,지훈우아파트,055-766-8878,mi@example.org
이성현,41321,세종특별자치시 광진구 영동대가 469 (상철김오마을),현준이최마을 113호,070-8936-8007,jeongsig23@example.org
곽예지,88093,부산광역시 중랑구 반포대길 134,지현박김마을 U동 274호,061-061-1579,iyeweon@example.org
하성진,22878,충청북도 청주시 상당구 언주로 334-76,진호이심타워,031-713-4390,rgim@example.com
박수진,88872,인천광역시 은평구 학동길 293-37 (우진김박면),현준서진타운 765동 393호,042-491-6220,gojieun@example.net
이미경,72416,충청남도 안산시 상록구 반포대28로 903 (상호류리),순자김마을 242호,064-751-6172,yeongil65@example.net
류영자,98779,충청북도 안산시 단원구 백제고분1가 704 (지훈고이동),예준박손타운,02-3108-5135,iyejun@example.net
서서준,84137,전라북도 용인시 기흥구 잠실가 941-59,중수김타운 S동 653호,031-266-8872,gyeongja17@example.net
이성현,99268,제주특별자치도 정선군 봉은사909로 887 (은지김리),동현이타워 992호,02-7931-3575,yeongceol31@example.net
류지후,90523,대구광역시 송파구 도산대681거리 758-8,시우전김빌라,064-704-9566,hyeonjii@example.net
오지연,10029,대전광역시 강남구 압구정55길 771-49 (영호김동),종수황연립,070-0565-6582,hi@example.com
이준영,79647,경상북도 천안시 동남구 반포대로 118,영일김김타워 695호,041-428-5079,ggim@example.net
조지은,97699,충청북도 양양군 도산대2길 지하138,상철박마을,041-779-5480,hwangjimin@example.org
이지원,94986,울산광역시 북구 테헤란371길 906 (현준박리),준혁손김아파트,031-751-8376,sangho52@example.com
권예지,85355,대전광역시 동작구 잠실2거리 991,수민허김타운,055-991-7568,gyeongsui@example.com
양정훈,63802,제주특별자치도 부천시 오정구 언주가 541 (영진우박리),숙자구마을 698호,054-548-7488,junyeong99@example.net
박주원,74242,경상북도 용인시 잠실6로 974-72 (성진이김읍),도현황타워 P동 768호,016-448-4455,yeonggil44@example.net
김미정,79075,서울특별시 도봉구 반포대길 672,하윤백지연립 757호,052-223-4366,sugjacoe@example.com
김정호,19891,전라북도 보령시 서초중앙로 430 (성민조마을),은영김마을 361호,064-770-0474,yeongceol96@example.net
안지후,21323,광주광역시 양천구 잠실로 985 (영일권김동),지현최김타운 J동 302호,070-9808-2216,gyeongjagim@example.net
김은정,32696,울산광역시 강북구 석촌호수가 지하143 (정식송동),윤서오타워 R동 865호,010-5206-5921,gimhyeonji@example.com
이민재,28487,강원도 천안시 서북구 서초중앙가 170 (현주김마을),미경박이타운 V동 573호,055-307-4418,seongjingim@example.net
고옥순,88882,서울특별시 영등포구 반포대389거리 878 (현숙김마을),성민이김빌라,011-204-8913,dgim@example.org
장경희,35700,인천광역시 영등포구 백제고분로 284 (명숙류읍),성현박김아파트,041-335-2401,jeonghyio@example.org
박서윤,06928,충청북도 진천군 석촌호수길 684-58,영환이아파트,017-316-8665,minjuni@example.com
류건우,70006,서울특별시 은평구 오금거리 759,미숙구김타운 316호,064-724-6180,gwagmigyeong@example.org
김정훈,33936,인천광역시 중구 언주거리 212 (서영이마을),정훈하타운 401호,018-455-0738,jeongsun62@example.net
김하은,35555,강원도 양양군 선릉0거리 149-82,영철윤백빌라 T동 338호,011-737-7552,ogjabag@example.net
이성훈,20473,전라남도 천안시 서북구 언주6로 816,예진박장연립,054-792-2446,jiyeong87@example.net
김순옥,47191,대전광역시 서초구 석촌호수6길 116-16,정순김타운 I동 749호,016-380-3405,egim@example.com
박승현,43670,대구광역시 종로구 압구정04길 481 (상현최장마을),정수고황마을,043-944-6491,byeongceol21@example.org
조성민,49095,울산광역시 중구 논현142로 375-47 (정자안면),지우최타워,043-250-4457,zjeon@example.net
강영식,03835,충청남도 영월군 백제고분816거리 798 (현우김고마을),동현김연립,010-7670-2198,gimjaehyeon@example.org
이종수,80093,부산광역시 강동구 논현335거리 991-41 (도윤강김동),승민김최마을,043-828-4156,pgim@example.net
김현우,48688,서울특별시 북구 압구정거리 522-32 (성현김리),민서박타운,043-277-0484,yeongjin51@example.org
박예준,84183,전라북도 인제군 서초중앙671길 819,상현이빌라,032-081-5357,minjae15@example.net
이준혁,13697,충청북도 아산시 도산대10로 374-13 (현주김최면),예준김아파트 가동 116호,02-8455-5405,minseog85@example.net
이현우,44901,울산광역시 종로구 서초중앙13길 지하689,영환이이아파트 629호,010-6953-9955,hyeonjeong43@example.com
황숙자,08687,충청남도 부천시 언주056로 348,수진김이타운 G동 104호,053-110-1966,gimjeongsug@example.com
김진우,26536,강원도 부천시 오정구 백제고분거리 715 (승현박이동),순옥윤연립 라동 538호,016-681-9379,ujin74@example.com
김현주,07678,세종특별자치시 노원구 가락821로 892 (순옥허하읍),예진김타워,062-671-2809,jihu20@example.net
김서준,68582,충청남도 양구군 논현로 지하885,지민김강연립,016-531-6296,jeongjagim@example.net
권영식,79246,서울특별시 서구 반포대352로 163-50 (현준이김면),영호김박연립 H동 529호,042-900-4834,myeongjabae@example.com
이주원,40128,전라남도 횡성군 선릉로 936-15,재현이이연립 690호,02-1795-0414,gyeongsug77@example.net
이영숙,38899,경기도 양양군 백제고분2로 960,진우김김빌라,033-187-5574,dgim@example.org
박아름,71595,부산광역시 동대문구 테헤란로 75-70,상호김타워 H동 749호,052-424-4491,igo@example.com
박서윤,18568,대구광역시 은평구 학동거리 지하78 (윤서서박읍),영일박김마을 J동 691호,041-145-9879,sunogjeon@example.com
김승현,04528,광주광역시 종로구 압구정32로 320-33 (채원김마을),지후강아파트,041-020-1483,noseongmin@example.com
김지훈,03086,충청북도 청주시 서원구 도산대61가 296,은정김김연립 730호,063-201-0417,fjeon@example.net
이민수,17136,세종특별자치시 강서구 압구정거리 930,민서김김타운,062-816-0092,yeongmibag@example.org
양민서,87299,강원도 보령시 선릉가 999 (영철장읍),중수민타운,044-610-0553,sugja98@example.net
김상호,26621,경상북도 부천시 언주로 303-13,종수양김마을 X동 026호,064-775-9712,munjinho@example.com
진현지,45828,울산광역시 강북구 영동대길 지하136 (동현박이읍),은정윤타운,016-328-4643,caeweon71@example.net
박시우,95272,경상남도 태안군 가락8거리 562-63,정수김아파트 612호,02-2357-6410,osong@example.org
김현정,68637,부산광역시 양천구 역삼21로 150,선영이오타운 783호,010-8658-9034,hyeonu77@example.com
김하은,46321,인천광역시 양천구 서초대33거리 446,지아배윤타운 G동 884호,064-788-7133,junho20@example.org
김지현,79173,부산광역시 중구 서초대거리 945,종수박박빌라,02-6419-2622,hyeonji85@example.com
박순자,97057,경상북도 청주시 서원구 도산대로 210 (영일이면),선영윤아파트 J동 089호,064-727-8027,yeonggil08@example.org
이서윤,99549,충청남도 고양시 일산동구 언주가 699,예지이타워,044-639-5908,eunji34@example.net
이정희,85199,경기도 태안군 잠실150로 75,지현허이타워,055-301-5069,gweonseongsu@example.org
이동현,27143,충청북도 과천시 선릉거리 423,지영양장마을 V동 317호,055-320-6176,migyeongmun@example.com
하민재,14123,서울특별시 서초구 개포9거리 309,시우송최타운 U동 925호,010-7662-9639,bgim@example.com
김상철,13054,전라북도 용인시 처인구 역삼9로 335 (영자이김면),보람이타워,044-926-1804,vgim@example.com
이정호,72171,세종특별자치시 강북구 압구정658로 312,건우이빌라 937호,018-299-5783,yeongsun92@example.org
최영길,96588,제주특별자치도 과천시 삼성로 459,수민심마을 663호,054-215-3725,yejihan@example.com
허진호,19308,광주광역시 마포구 테헤란거리 473 (지영오이읍),옥순하박타워 843호,064-702-3074,asin@example.com
김중수,09501,인천광역시 은평구 역삼92가 588-21 (상철류손면),지현김김마을 J동 722호,010-0892-6672,qgim@example.net
문주원,53377,광주광역시 동대문구 압구정길 378 (도윤이읍),상호강이타운,053-523-6724,seoyeonggim@example.com
손예지,87460,대구광역시 강동구 서초대거리 544,현숙임타운 A동 333호,043-635-3036,xan@example.net
박우진,57520,부산광역시 종로구 도산대596가 395-82 (진우서동),정호오빌라 G동 677호,053-273-5957,jihuni@example.com
이상현,19955,경상북도 아산시 백제고분거리 945 (상현박동),성민김이타워 134호,053-194-7272,yeongsiggweon@example.com
김유진,75802,경상북도 보은군 봉은사89로 352 (옥자노리),지현홍박타운,02-0705-6639,mgim@example.org
양경자,02053,인천광역시 송파구 강남대로 지하861 (지혜김리),영환황최빌라 라동 546호,033-175-3948,bjang@example.net
장미정,00666,광주광역시 구로구 테헤란가 505 (승현홍면),현숙박마을,017-539-9694,minjii@example.net
김동현,97353,경상남도 인제군 가락길 지하827,미영이아파트 다동 436호,053-140-2677,anseongjin@example.com
김서연,23571,대전광역시 강북구 서초대50길 지하592 (서영문리),영호오아파트 J동 263호,044-248-1835,areumgim@example.com
이정수,16156,강원도 김포시 석촌호수거리 400,수빈황권마을,041-648-0296,zcoe@example.net
윤경자,47832,세종특별자치시 마포구 백제고분934거리 407-35,은주이김빌라,062-894-9733,seoyun31@example.net
차수빈,42925,충청남도 춘천시 언주길 549-96 (정훈구홍마을),민서백이타운,041-501-9182,zgang@example.net
임승민,53363,대구광역시 동작구 영동대40거리 지하594 (숙자김동),준호박강타운,031-280-2623,igyeongja@example.com
권현지,21153,서울특별시 양천구 석촌호수길 887-72 (은정장면),순옥박박타운,010-3817-6412,xhan@example.com
지정웅,35766,경기도 진천군 가락07거리 193-15,성수노마을 V동 054호,016-299-7449,jijungsu@example.net
김예지,13585,대전광역시 양천구 삼성4거리 190-73 (성민김리),영진장김빌라 580호,018-837-8381,iyeongho@example.org
박우진,51323,서울특별시 동구 강남대9거리 448 (성호지문면),수진한윤타운,016-800-2994,sgim@example.org
김예지,75080,충청북도 성남시 중원구 오금620거리 528-18 (옥순곽안마을),도윤최마을,010-6276-2060,gimgeonu@example.com
이윤서,73364,강원도 부여군 오금138로 575-39 (혜진황안마을),정웅김타워 H동 645호,033-542-7939,cunjanam@example.com
김진호,01771,충청북도 동해시 양재천63거리 917,은정김이연립 U동 816호,070-7368-0255,seojungim@example.org
박보람,67560,부산광역시 강동구 강남대67가 862,정식박마을 X동 727호,033-057-7493,juweon43@example.net
이주원,24659,서울특별시 영등포구 양재천7길 193-95,채원박타운,044-157-0523,ijeongja@example.org
안중수,21571,경상북도 김포시 논현1길 371-17 (경자김마을),서영장남아파트,064-798-0937,yanghyeonsug@example.org
최승현,86720,전라북도 평창군 석촌호수49로 317,정호이타운,02-4791-4441,minjaegweon@example.net
이시우,52246,충청남도 아산시 봉은사길 372,영길김마을 288호,017-630-0693,yi@example.com
문광수,92001,제주특별자치도 안성시 봉은사로 929,민준이이마을 882호,02-3327-2701,gimmiyeong@example.net
김서준,31409,인천광역시 송파구 백제고분62로 516-77,민준이타워 195호,010-8589-0996,yeonghogang@example.com
황영숙,67634,강원도 청주시 흥덕구 가락3길 지하312 (경숙김면),채원김마을,018-425-0360,bcoe@example.org
이은영,89323,인천광역시 성북구 영동대3길 409,민재남연립 369호,052-993-4792,wgim@example.com
강도윤,48470,충청북도 진천군 개포거리 754-55,영호이김아파트 995호,010-0345-3513,jeongseongjin@example.net
최수빈,34502,전라북도 광주시 잠실17로 621-18,경희최연립,032-122-6168,iyeongmi@example.com
김정식,88319,인천광역시 남구 개포거리 지하265,정웅최마을 749호,070-6373-4603,fyun@example.com
심서현,41353,부산광역시 성동구 석촌호수1가 135,수민이김아파트 674호,018-483-8220,coeseunghyeon@example.org
이윤서,04305,인천광역시 송파구 도산대길 431-57 (예지곽동),시우최타워 300호,051-753-8781,haeun52@example.com
김영환,19142,대구광역시 용산구 백제고분거리 465-14,순자구아파트 031호,041-112-2679,yeongho09@example.org
남은서,79871,제주특별자치도 서산시 학동51길 272 (경수서마을),상철백송아파트,02-2812-0970,sujin25@example.org
신은지,75353,강원도 화천군 서초대길 502 (춘자김면),은서장허마을,043-277-9061,yeonghyi08@example.org
이미숙,49947,전라북도 안산시 단원구 개포로 521,승민김이타운 255호,070-4120-0981,sunjayun@example.com
진현준,58667,울산광역시 마포구 역삼0가 367-92,민서손박연립,010-4319-0821,gimjimin@example.net
홍주원,95674,인천광역시 도봉구 역삼85거리 947-28,광수박강연립 바동 516호,041-831-3719,hwangmyeongsug@example.net
한영식,21603,대구광역시 남구 학동10길 599,아름김마을,053-740-0745,ryudoyun@example.org
김경숙,12401,충청남도 부천시 소사구 가락로 지하939,영식허빌라 421호,033-513-1600,jiweoni@example.org
홍영수,06187,강원도 구리시 양재천64가 376,하윤장마을,052-035-9683,gimminsu@example.org
이채원,69293,광주광역시 양천구 영동대길 584,민준김류마을 281호,032-340-0624,yunseogang@example.org
김영환,18252,부산광역시 북구 테헤란가 288 (동현안동),민준최타워,052-273-3750,bagcaeweon@example.org
김건우,73257,경기도 춘천시 영동대124길 지하117 (정수강마을),병철이타운,055-457-8645,yeongmica@example.com
차건우,81900,인천광역시 영등포구 역삼가 860 (상호권이면),현정이타운,055-400-3128,cayeongsu@example.com
이진호,59578,부산광역시 마포구 반포대거리 지하207,현주주타운 855호,018-595-3085,myeongjason@example.org
박상철,83207,대전광역시 용산구 백제고분596가 15,영수권타운,070-4895-0355,siu94@example.com
김경희,57767,강원도 서천군 학동74가 666-12,수진유아파트 F동 103호,010-5182-9015,hongsiu@example.com
김정남,07775,부산광역시 관악구 잠실470거리 963-27,중수오아파트 162호,017-774-9067,bagareum@example.com
이진우,47076,부산광역시 금천구 봉은사9거리 787 (영일김마을),숙자김연립 016호,042-054-9044,seohyeon83@example.org
김정순,01403,경상남도 이천시 논현거리 762 (수빈김리),유진김김타운 065호,011-539-8022,hanjeongsig@example.com
김은정,80520,광주광역시 동대문구 석촌호수로 지하637 (민석손면),혜진김안아파트 061호,063-469-2987,seonghun93@example.org
권옥순,36196,인천광역시 관악구 오금길 190-19 (선영이김동),민준이박연립,053-225-7785,jeongung64@example.com
이현정,02598,전라북도 고성군 반포대가 710 (영길이남리),지민김타운 Z동 359호,031-201-8598,jbag@example.com
이병철,10744,충청남도 안양시 만안구 반포대4로 313,정순이윤빌라 95동 676호,033-756-1056,seoyeon46@example.com
박영호,67236,경기도 양구군 양재천길 782 (영길박홍면),은경윤타운,063-580-6849,geonubag@example.org
김예지,43736,광주광역시 동대문구 반포대9가 216,시우김마을 C동 291호,055-793-3460,ujinbag@example.org
이시우,04717,충청남도 정선군 논현91길 974 (순옥김읍),준호박타운,044-241-3275,jimin34@example.org
이영길,46290,경기도 속초시 역삼71길 361-10,예은김윤타워,061-633-6206,ijunyeong@example.org
안수민,24873,서울특별시 동구 개포437가 56-95,현정문류타운 K동 982호,054-736-3029,jgim@example.org
구하은,14703,충청남도 횡성군 선릉가 429,성호이연립 003호,061-953-1338,yeongjagim@example.com
이성훈,79161,충청남도 남양주시 테헤란길 579 (서연최읍),지영김빌라 H동 360호,011-180-7646,gimyeongceol@example.com
이미정,54717,전라남도 이천시 압구정036거리 129 (예지이이마을),민석황홍연립 V동 964호,063-552-0027,bagjihyeon@example.org
박은지,73304,부산광역시 은평구 봉은사거리 689-70,은주강타워 036호,010-2112-6520,junhocoe@example.net
장민재,76044,인천광역시 강동구 삼성46로 지하100,서연안신빌라,011-394-4578,yeonggilgim@example.org
이민수,87877,경기도 성남시 잠실0거리 25 (현우이면),영자박이연립,010-1806-3801,baegeunyeong@example.org
황아름,41171,울산광역시 강북구 반포대43길 645-42 (예지윤읍),경숙이이연립 182호,052-229-9205,jiweon61@example.net
홍경희,42067,충청북도 철원군 가락길 지하877 (승민나리),정훈김타운 가동 991호,054-699-0057,coejia@example.org
강진우,42488,경상남도 양평군 개포로 360-6 (지원류읍),종수유김타워,053-561-2218,sugjagim@example.org
박은영,46057,세종특별자치시 구로구 백제고분374거리 303-91,영수김타운,053-389-4275,gwagseojun@example.net
김현주,40381,세종특별자치시 양천구 반포대31로 지하965,성민김아파트 E동 224호,017-660-0445,gweonogja@example.com
최미숙,36225,세종특별자치시 강동구 언주08거리 755-78 (준영김읍),현준김빌라 733호,031-862-0257,geonubag@example.net
권재현,12737,부산광역시 영등포구 봉은사29가 309 (재현김마을),재현한연립 566호,019-085-2358,gimseohyeon@example.org
박시우,11819,충청남도 이천시 압구정748거리 344,상철노마을 O동 007호,062-625-7852,jiu09@example.net
송정수,67977,경상남도 김포시 삼성123길 338-80 (민지강리),승현김김아파트,031-319-6468,zgim@example.org
문수민,26933,전라남도 화천군 서초중앙거리 313,지후김아파트 609호,019-238-9841,yujin58@example.com
김민수,85440,대구광역시 강남구 논현571길 지하270,옥순문이마을,054-055-9420,jeongsigbag@example.net
하중수,60266,인천광역시 송파구 역삼572길 413,현숙최황아파트 270호,032-305-3205,gimyeonggil@example.net
서지훈,00084,대구광역시 구로구 오금길 325-85,현준안타워 081동 812호,016-011-1470,cjang@example.org
이현준,72827,제주특별자치도 수원시 영통구 오금71길 552,성수임빌라 다동 491호,017-130-1086,dgim@example.net
이경숙,89634,울산광역시 서초구 선릉가 800-85 (지연김읍),은경이연립 R동 038호,019-399-7772,yyun@example.net
황미정,12750,대전광역시 남구 논현2로 570-40,민수고마을 093호,061-123-6674,juweon02@example.net
김영호,86014,인천광역시 금천구 압구정거리 687 (춘자고최마을),수진김타운 664호,062-023-8423,minseog55@example.net
고영희,45661,울산광역시 서대문구 개포거리 195,은정조윤빌라 다동 111호,032-782-5614,yejungo@example.org
